"contract_award_unique_key","award_id_piid","total_obligated_amount","total_outlayed_amount","period_of_performance_start_date","period_of_performance_current_end_date","recipient_name","prime_award_base_transaction_description","recipient_uei","recipient_parent_name","recipient_country_code","recipient_parent_uei","awarding_office_code","awarding_office_name","primary_place_of_performance_country_code","award_base_action_date_fiscal_year","is.grant","is.local","primary_place_of_performance_country_name","recipient_country_name"
"ASST_NON_720BHA22IO00098_7200","720BHA22IO00098",1e+06,1e+06,2022-04-28,2023-04-27,"UNITED NATIONS","PROVIDE CHILDREN AGED 6–59 MONTHS AND PREGNANT AND LACTATING WOMEN AND GIRLS WITH ASSISTANCE FOR THE TREATMENT AND PREVENTION OF MODERATE ACUTE MALNUTRITION IN ALGERIA","EBJMGSYM9C77","UNITED NATIONS","USA","FGN3U2778FG2","720BHA","BUREAU FOR HUMANITARIAN ASSISTANCE","DZA",2022,"Grant","non-local","ALGERIA","UNITED STATES"
"ASST_NON_72018220LA00001_7200","72018220LA00001",2707870,2561264.35,2020-08-07,2022-08-23,"CONSORTIUM FOR ELECTIONS & POLITICAL PROCESS STRENGTHENING","US-ALBANIA TRANSPARENCY ACADEMY (USATA)","E3U6WMW4XSK7",NA,"USA",NA,"720182","USAID/ALBANIA","ALB",2020,"Grant","non-local","ALBANIA","UNITED STATES"
"ASST_NON_AIDOAALA1100006_7200","AIDOAALA1100006",2670672,NA,2011-09-26,2016-09-30,"INTERNATIONAL YOUTH FOUNDATION","YOUTH PROGRAM IN ALGERIA","JADBFMMBQSZ4",NA,"USA",NA,"720608","USAID/MOROCO","DZA",2011,"Grant","non-local","ALGERIA","UNITED STATES"
"ASST_NON_AIDFFPIO1500005_7200","AIDFFPIO1500005",3500000,NA,2014-12-05,2015-11-30,"UNITED NATIONS","PRRO 200301: ASSISTANCE TO REFUGEES FROM WESTERN SAHARA","EBJMGSYM9C77","UNITED NATIONS","USA","FGN3U2778FG2",NA,NA,"DZA",2015,"Grant","non-local","ALGERIA","UNITED STATES"
"ASST_NON_AIDNISA009800019_7200","AIDNISA009800019",0,NA,2008-04-02,2008-05-02,"OPPORTUNITY INTERNATIONAL INC","THE PURPOSE OF THIS MODIFICATION IS TO: (1) REALIGN THE BUDGET; AND (2) REVISE THE INDIRECT COST RATES.","CS7TNBZMW8S8","OPPORTUNITY INTERNATIONAL INC","USA","CS7TNBZMW8S8",NA,NA,"ALB",2008,"Grant","non-local","ALBANIA","UNITED STATES"
"ASST_NON_AIDFFPIO1600026_7200","AIDFFPIO1600026",3e+06,NA,2016-09-02,2018-07-31,"UNITED NATIONS","PRRO 200301: ASSISTANCE TO REFUGEES FROM WESTERN SAHARA","EBJMGSYM9C77","UNITED NATIONS","USA","FGN3U2778FG2","72DFFP","USAID DCHA/FFP","DZA",2016,"Grant","non-local","ALGERIA","UNITED STATES"
"ASST_NON_AIDFFPA000000022_7200","AIDFFPA000000022",0,NA,1999-12-01,2000-12-31,"CATHOLIC RELIEF SERVICES - UNITED STATES CONFERENCE OF CATHOLIC BISHOPS","DEOBLIGATION TO CLOSE AWARD","RC7USPUUVJK3","CATHOLIC RELIEF SERVICES - UNITED STATES CONFERENCE OF CATHOLIC BISHOPS","USA","RC7USPUUVJK3",NA,NA,"ALB",2010,"Grant","non-local","ALBANIA","UNITED STATES"
"ASST_NON_AIDFFPA000000021_7200","AIDFFPA000000021",0,NA,1999-12-01,2000-12-31,"AMERICAN NATIONAL RED CROSS (ARC)","DEOBLIGATION TO CLOSE AWARD",NA,NA,"USA",NA,NA,NA,"ALB",2009,"Grant","non-local","ALBANIA","UNITED STATES"
"ASST_NON_AID182IO1600001_7200","AID182IO1600001",1e+05,NA,2016-10-18,2017-09-30,"UNITED NATIONS DEVELOPMENT PROGRAMME (UNDP)","STAR 2","LHSLG9K7PR63",NA,"PAK",NA,NA,NA,"ALB",2017,"Grant","non-local","ALBANIA","PAKISTAN"
"ASST_NON_AID182G1700001_7200","AID182G1700001",353907,-55.54,2017-04-21,2017-10-24,"DEMOCRACY INTERNATIONAL, INC.","STRENGTHENING DOMESTIC OBSERVATION OF PARLIAMENTARY ELECTIONS","MA89NCEMNBS3",NA,"USA",NA,"720167","USAID/KOSOVO","ALB",2017,"Grant","non-local","ALBANIA","UNITED STATES"
"ASST_NON_AID182G1600001_7200","AID182G1600001",466878,-5468.32,2016-10-01,2022-01-10,"NATIONAL DEMOCRATIC INSTITUTE FOR INTERNATIONAL AFFAIRS","TRANSPARENCY IN POLITICAL PARTY FINANCE PROGRAM","GN36K2UPR245","NATIONAL DEMOCRATIC INSTITUTE FOR INTERNATIONAL AFFAIRS","USA","GN36K2UPR245","720182","USAID/ALBANIA","ALB",2016,"Grant","non-local","ALBANIA","UNITED STATES"
"ASST_NON_AID182G000100102_7200","AID182G000100102",5513596,NA,2005-09-28,2011-03-31,"FINANCIAL SERVICES VOLUNTEER CORPS","EXTEND AWARD FROM MARCH 20  2007 TO SEPTEMBER 30  2007","S2YXPXCU6T86",NA,"USA",NA,NA,NA,"ALB",2005,"Grant","non-local","ALBANIA","UNITED STATES"
"ASST_NON_AID182A1600005_7200","AID182A1600005",693522,3546.35,2016-09-26,2019-09-25,"FONDACIONI CEED ALBANIA","AGRO TOURISM ALBANIA","PJU9NF1E23J3",NA,"ALB",NA,"720182","USAID/ALBANIA","ALB",2016,"Grant","local","ALBANIA","ALBANIA"
"ASST_NON_AID182A1600004_7200","AID182A1600004",711069,10668.9,2016-09-26,2018-10-31,"THE HEADHUNTER SH.P.K.","PEOPLE FIRST","G8MLJ4JCE9A3","THE HEADHUNTER SH.P.K.","ALB","G8MLJ4JCE9A3","720182","USAID/ALBANIA","ALB",2016,"Grant","local","ALBANIA","ALBANIA"
"ASST_NON_AID182A1600002_7200","AID182A1600002",750000,18692.36,2016-05-23,2019-01-22,"CENTER FOR ECONOMIC AND BUSINESS EDUCATION","TOURISM INVESTMENT AND FINANCE FUND (TIFF)","CW5SBRJCA671",NA,"ALB",NA,NA,NA,"ALB",2016,"Grant","local","ALBANIA","ALBANIA"
"ASST_NON_AID182A1300003_7200","AID182A1300003",1715698,NA,2013-09-20,2018-02-28,"AAC LUSHNJE","TECHNICAL ASSISTANCE","W4AFJJW19VS7",NA,"ALB",NA,"720167","USAID/KOSOVO","ALB",2013,"Grant","local","ALBANIA","ALBANIA"
"ASST_NON_AID182A1300002_7200","AID182A1300002",548869,0,2013-02-11,2014-01-10,"INTERNATIONAL FOUNDATION FOR ELECTORAL SYSTEMS","SUPPORT FOR ALBANIA S PARLIAMENTARY ELECTIONS PROJECT","WKADQBU65FC6","INTERNATIONAL FOUNDATION FOR ELECTORAL SYSTEMS","USA","WKADQBU65FC6",NA,NA,"ALB",2013,"Grant","non-local","ALBANIA","UNITED STATES"
"ASST_NON_AID182A001000102_7200","AID182A001000102",59600,NA,2010-05-01,2010-07-31,"ACADEMY FOR EDUCATIONAL DEVELOPMENT, INC.","SOCIAL AND BEHAVIOR CHANGE COMMUNICATION FOR IMPROVED TRANSPARENCY AND GOVERNANCE","DJPGHBG2LPH3",NA,"USA",NA,NA,NA,"ALB",2010,"Grant","non-local","ALBANIA","UNITED STATES"
"ASST_NON_AID182A000900101_7200","AID182A000900101",2256133,NA,2009-09-22,2016-12-30,"INTERNATIONAL VIRTUAL E-HOSPITAL FOUNDATION","THE TELEMEDICINE PROGRAM OF ALBANIA WILL CONSIST OF A NETWORK THAT WILL ENSURE MEDICAL CONSULTATION, VIRTUAL EDUCATION, AND ELECTRONIC LIBRARY NETWOR","FNEYJ6GKAFC8",NA,"USA",NA,NA,NA,"ALB",2009,"Grant","non-local","ALBANIA","UNITED STATES"
"ASST_NON_AID182A000300103_7200","AID182A000300103",396989,NA,2008-06-25,2009-07-31,"TERRE DES HOMMES - AIDE A LENFANCE DANS LE MONDE - FONDATION","THE PURPOSE OF THIS MODIFICATION IS TO INCREASE THE TOTAL OBLIGATED AMOUNT BY $396 989.00 FROM $2 653 000.00 TO $3 049 989.00 IN ORDER TO FULLY FUND","VLM8EJUKVRN3",NA,"CHE",NA,NA,NA,"ALB",2008,"Grant","non-local","ALBANIA","SWITZERLAND"
"ASST_NON_7200AA22CA00009_7200","7200AA22CA00009",13650000,5850679.07,2022-09-09,2027-09-08,"MISCELLANEOUS FOREIGN AWARDEES","TO SUPPORT THE ROLE OF INVESTIGATIVE JOURNALISM IN PROMOTING GREATER GOVERNMENT ACCOUNTABILITY AND TRANSPARENCY IN EUROPE AND EURASIA, INCLUDING BUILDING RESILIENCE AGAINST AUTHORITARIAN INFLUENCE, AND WILL IMPROVE THE SUSTAINABILITY OF THE INVESTIGATIVE JOURNALISM SECTOR.","LN9PU5M2YZN5",NA,"USA",NA,"7200AA","USAID M/OAA","ALB",2022,"Grant","non-local","ALBANIA","UNITED STATES"
"ASST_NON_7200AA22CA00028_7200","7200AA22CA00028",12500000,2450000,2022-09-30,2027-09-29,"UNITED STATES ENERGY ASSOCIATION INC","TO SUPPORT UTILITIES, REGULATORY AGENCIES, AND ENERGY SECTOR STAKEHOLDERS  IN THE EUROPE AND EURASIA REGION IN PROGRESSING THROUGH THE CLEAN ENERGY TRANSITION WHILE ALSO  MAINTAINING RELIABLE, AFFORDABLE AND SECURE ENERGY SUPPLIES.","GJYRBTGWJFQ1",NA,"USA",NA,"7200AA","USAID M/OAA","ALB",2022,"Grant","non-local","ALBANIA","UNITED STATES"
"ASST_NON_720BHA23IO00077_7200","720BHA23IO00077",1500000,828148.89,2023-03-13,2024-03-12,"UNITED NATIONS","SUPPORT VULNERABLE REFUGEES WITH FOOD AND NUTRITION ASSISTANCE","EBJMGSYM9C77",NA,"USA",NA,"7200AA","USAID M/OAA","DZA",2023,"Grant","non-local","ALGERIA","UNITED STATES"
"ASST_NON_72018223IO00001_7200","72018223IO00001",1500000,NA,2023-02-13,2026-02-12,"UNITED NATIONS DEVELOPMENT PROGRAMME","USAID/ALBANIA IS PLEASED TO SUPPORT UNDP IN IMPROVING COMMUNITIES’ RESILIENCE IN ALBANIA. UNDER THE AUTHORITY   CONTAINED IN THE FOREIGN ASSISTANCE ACT OF 1961, AS AMENDED, THE U.S. AGENCY FOR INTERNATIONAL DEVELOPMENT   (USAID) HEREBY GRANTS TO UNDP MISSION IN ALBANIA (THE RECIPIENT), THE SUM OF $3,000,000 TO PROVIDE SUPPORT FOR AN   ACTIVITY IN ALBANIA, AS DESCRIBED IN ATTACHMENT 1 (THE SCHEDULE) OF THIS AGREEMENT AND IN ATTACHMENT 2, ENTITLED   “PROGRAM DESCRIPTION.”","RSUNX2JARPF5","UNITED NATIONS","USA","FGN3U2778FG2","720182","USAID/ALBANIA","ALB",2023,"Grant","non-local","ALBANIA","UNITED STATES"
"ASST_NON_72018222IO00003_7200","72018222IO00003",1e+05,1e+05,2022-06-13,2023-12-31,"UNITED NATIONS DEVELOPMENT PROGRAMME","SUSTAINING AND ADVANCING LOCAL GOVERNANCE REFORM- STAR 3","RSUNX2JARPF5","UNITED NATIONS","USA","FGN3U2778FG2","720182","USAID/ALBANIA","ALB",2022,"Grant","non-local","ALBANIA","UNITED STATES"
"ASST_NON_72018222IO00002_7200","72018222IO00002",3e+06,1909459.35,2022-01-24,2024-12-31,"UNICEF","THE PURPOSE OF THIS AGREEMENT IS TO ADVANCE A SOUND RESPONSE TO THE DOCUMENTED NEEDS OF THE AFGHANS IN   ALBANIA, AS MORE SPECIFICALLY DESCRIBED IN THE PROGRAM DESCRIPTION) OF THIS AGREEMENT.","MRMSDA8LK7H5",NA,"USA",NA,"720182","USAID/ALBANIA","ALB",2022,"Grant","non-local","ALBANIA","UNITED STATES"
"ASST_NON_720FDA20IO00127_7200","720FDA20IO00127",650000,650000,2020-10-01,2023-03-31,"INTERNATIONAL FEDERATION OF RED CROSS AND RED CRESCENT SOCIETIES","MITIGATING IMPACT OF FUTURE EMERGENCIES INCLUDING THOSE HEALTH-RELATED THROUGH DELIVERY OF INSTITUTIONAL CAPACITY DEVELOPMENT MEASURES AND HOLISTIC COMMUNITY-BASED PROGRAMMING IN SOUTHERN EUROPE.","Y7TTX5HMC2D6",NA,"CHE",NA,"720FDA","USAID DCHA/OFDA","ALB",2020,"Grant","non-local","ALBANIA","SWITZERLAND"
"ASST_NON_720FDA20IO00003_7200","720FDA20IO00003",150000,150000,2019-12-16,2020-04-15,"UNICEF","PROTECTION IN RESPONSE TO ALBANIA EARTHQUAKE","MRMSDA8LK7H5","UNITED NATIONS","USA","FGN3U2778FG2","7200AA","USAID M/OAA","ALB",2020,"Grant","non-local","ALBANIA","UNITED STATES"
"ASST_NON_72DFFP19IO00066_7200","72DFFP19IO00066",2e+06,1877934.27,2019-06-21,2021-03-31,"UNITED NATIONS","DRAFT ALGERIA INTERIM COUNTRY STRATEGIC PLAN (2019-2022)","EBJMGSYM9C77","UNITED NATIONS","USA","FGN3U2778FG2","7200AA","USAID M/OAA","DZA",2019,"Grant","non-local","ALGERIA","UNITED STATES"
"ASST_NON_AIDOAAL1300007_7200","AIDOAAL1300007",7622983,-60416.46,2013-09-30,2018-09-29,"ACDI/VOCA","F2F EUROPE, CAUCASUS AND CENTRAL ASIA (ECCA)  EUROPE, CAUCASUS AND CENTRAL ASIA","NZHLG8KE7WS5","ACDI/VOCA","USA","NZHLG8KE7WS5","7200AA","USAID M/OAA","DZA",2013,"Grant","non-local","ALGERIA","UNITED STATES"
"ASST_NON_AID182LA1100001_7200","AID182LA1100001",7064991,479299.72,2011-09-28,2023-03-29,"FINANCIAL SERVICES VOLUNTEER CORPS","FINANCIAL SECTOR DEVELOPMENT PROJECT IN ALBANIA","S2YXPXCU6T86",NA,"USA",NA,"720182","USAID/ALBANIA","ALB",2011,"Grant","non-local","ALBANIA","UNITED STATES"
"ASST_NON_AID182G1400001_7200","AID182G1400001",491516,NA,2014-08-21,2016-05-30,"TERRE DES HOMMES - AIDE A LENFANCE DANS LE MONDE - FONDATION","TIP PROGRAM","VLM8EJUKVRN3","TERRE DES HOMMES - AIDE A LENFANCE DANS LE MONDE - FONDATION","CHE","VLM8EJUKVRN3",NA,NA,"ALB",2014,"Grant","non-local","ALBANIA","SWITZERLAND"
"ASST_NON_AID182G001000103_7200","AID182G001000103",1109860,14874.09,2010-09-14,2019-11-30,"FONDACIONI SHQIPTAR PER TE DREJTAT E PERSONAVE ME AFTESI TE KUFIZUARA (FSHDPAK - ARDF)","THE ECONOMIC EMPOWERMENT OF PEOPLE WITH DISABILITY (EEPD) PROJECT WILL FOR THE FIRST TIME  TARGET AND ADDRESS ACCESS TO EMPLOYMENT FOR PEOPLE WITH DI","N6N5H7AN1AX4",NA,"ALB",NA,NA,NA,"ALB",2010,"Grant","local","ALBANIA","ALBANIA"
"ASST_NON_AID182G000400101_7200","AID182G000400101",225000,NA,2008-03-11,2009-12-30,"ALBANIAN DISABILITY RIGHTS FOUNDATION","THE PURPOSE OF THIS MODIFICATION IS TO: (1) INCREASE THE TOTAL ESTIMATED AMOUNT BY $100 000.00 FROM $668 950.00 TO $768 950.00; (2) ADD NEW PROGRAM D","L1UCEH6AA7F8",NA,"ALB",NA,NA,NA,"ALB",2008,"Grant","local","ALBANIA","ALBANIA"
"ASST_NON_AID182F1300001_7200","AID182F1300001",1499224,NA,2013-09-20,2016-06-20,"QENDRA CREATIVE BUSSINES SOLUTION","TECHNICAL ASSISTANCE AND SERVICES","HZYMK25V9SZ3",NA,"ALB",NA,NA,NA,"ALB",2013,"Grant","local","ALBANIA","ALBANIA"
"ASST_NON_AID182A1700002_7200","AID182A1700002",669002,104065.21,2017-03-17,2020-03-27,"FONDACIONI ALCDF","DIB R: TRAILS & TRADITION","XAZWCEPW4SD8",NA,"ALB",NA,"720182","USAID/ALBANIA","ALB",2017,"Grant","local","ALBANIA","ALBANIA"
"ASST_NON_AID182A1700001_7200","AID182A1700001",745042,48116,2017-03-09,2022-04-13,"QENDRA CREATIVE BUSSINES SOLUTION","INTO ALBANIA","HZYMK25V9SZ3",NA,"ALB",NA,"720182","USAID/ALBANIA","ALB",2017,"Grant","local","ALBANIA","ALBANIA"
"ASST_NON_AID182A1600003_7200","AID182A1600003",2899312,1514444.41,2016-08-17,2022-04-08,"QENDRA CREATIVE BUSSINES SOLUTION","SUSTAINABLE ECONOMIC DEVELOPMENT ALLIANCE LN ALBANIA","HZYMK25V9SZ3",NA,"ALB",NA,"720182","USAID/ALBANIA","ALB",2016,"Grant","local","ALBANIA","ALBANIA"
"ASST_NON_AID182A1600001_7200","AID182A1600001",779279,0,2016-01-08,2022-06-27,"FONDACIONI YUNUS SOCIAL BUSINESS FUND ALBANIA","GROWING SOCIAL BUSINESSES IN ALBANIA","EMGYX4JH9SJ4",NA,"ALB",NA,"720182","USAID/ALBANIA","ALB",2016,"Grant","local","ALBANIA","ALBANIA"
"ASST_NON_AID182A1400001_7200","AID182A1400001",1185558,5198.43,2014-09-08,2019-03-31,"SHOQATA UJESJELLES KANALIZIME E SHQIPERISE","SUSTAINABLE WATER SECTOR CAPACITY DEVELOPMENT IN ALBANIA","CLSWPU9J5R85",NA,"ALB",NA,"720182","USAID/ALBANIA","ALB",2014,"Grant","local","ALBANIA","ALBANIA"
"ASST_NON_AID182A1300001_7200","AID182A1300001",295870,NA,2013-02-14,2013-07-31,"NATIONAL DEMOCRATIC INSTITUTE FOR INTERNATIONAL AFFAIRS","SUPPORT THE ALBANIA S PARLIAMENTARY ELECTIONS PROJECT","GN36K2UPR245","NATIONAL DEMOCRATIC INSTITUTE FOR INTERNATIONAL AFFAIRS","USA","GN36K2UPR245",NA,NA,"ALB",2013,"Grant","non-local","ALBANIA","UNITED STATES"
"ASST_NON_AID182A1200001_7200","AID182A1200001",2798589,NA,2012-09-25,2016-05-31,"ASSIST IMPACT","BUILDING HUMAN AAND INSTITUTIONAL CAPACITY PROJECT IN ALBANIA","Z4UPX5ND7DE6",NA,"ALB",NA,"720167","USAID/KOSOVO","ALB",2012,"Grant","local","ALBANIA","ALBANIA"
"ASST_NON_AID182A000300107_7200","AID182A000300107",284490,NA,2007-09-25,2008-12-31,"ISB","THE PURPOSE OF THIS MODIFICATION IS TO: (1) EXTEND THE ESTIMATED COMPLETION DATE BY 1 YEAR FROM SEPTEMBER 30  2007 TO SEPTEMBER 30  2008; (2) INCREAS",NA,NA,"ALB",NA,NA,NA,"ALB",2007,"Grant","local","ALBANIA","ALBANIA"
"CONT_AWD_72018223S00001_7200_-NONE-_-NONE-","72018223S00001",39438,21433.54,2023-04-26,2023-08-12,"ROBERTSON, DENNY","THE PURPOSE OF THIS REQUEST IS TO NEGOTIATE AND AWARD FOR A OFFSHORE USPSC FOR THE ACTING SENIOR DEVELOPMENT ADVISOR POSITION IN USAID/ALBANIA.","YLMDU77SWUZ5","ROBERTSON, DENNY","USA","YLMDU77SWUZ5","720167","USAID/KOSOVO","ALB",2023,"Contract","non-local","ALBANIA","UNITED STATES"
"CONT_AWD_72018218P00004_7200_-NONE-_-NONE-","72018218P00004",7853.37,NA,2018-06-01,2018-09-01,"MISCELLANEOUS FOREIGN AWARDEES","LODGING","LN9PU5M2YZN5","MISCELLANEOUS FOREIGN AWARDEES","USA","LN9PU5M2YZN5","720182","USAID/ALBANIA","ALB",2018,"Contract","non-local","ALBANIA","UNITED STATES"
"CONT_AWD_AID182TO1300001_7200_AIDOAAI1000004_7200","AID182TO1300001",142002.17,NA,2013-09-30,2014-11-30,"DOMESTIC AWARDEES (UNDISCLOSED)","IGF::OT::IGF","KA5HQCLKUVW1","DOMESTIC AWARDEES (UNDISCLOSED)","USA","KA5HQCLKUVW1","72000","AGENCY FOR INTERNATIONAL DEVELOPMENT","ALB",2013,"Contract","non-local","ALBANIA","UNITED STATES"
"CONT_AWD_AID182S1100003_7200_-NONE-_-NONE-","AID182S1100003",22446.76,NA,2011-09-28,2012-05-31,"DOMESTIC AWARDEES (UNDISCLOSED)","INTERMITTENT SR DEVELOPMENT ADVISOR","KA5HQCLKUVW1","DOMESTIC AWARDEES (UNDISCLOSED)","USA","KA5HQCLKUVW1","72000","AGENCY FOR INTERNATIONAL DEVELOPMENT","ALB",2011,"Contract","non-local","ALBANIA","UNITED STATES"
"CONT_AWD_AID182S000900011_7200_-NONE-_-NONE-","AID182S000900011",0,NA,2009-06-28,2010-07-03,"MISCELLANEOUS FOREIGN AWARDEES","PROGRAM OFFICE ASSISTANT SERVICES","LN9PU5M2YZN5","MISCELLANEOUS FOREIGN AWARDEES","USA","LN9PU5M2YZN5","72000","AGENCY FOR INTERNATIONAL DEVELOPMENT","ALB",2009,"Contract","non-local","ALBANIA","UNITED STATES"
"CONT_AWD_AID182S000900010_7200_-NONE-_-NONE-","AID182S000900010",20464,NA,2009-07-05,2010-11-13,"MISCELLANEOUS FOREIGN AWARDEES","EXECUTIVE OFFICE ASSISTANT SERVICES","LN9PU5M2YZN5","MISCELLANEOUS FOREIGN AWARDEES","USA","LN9PU5M2YZN5","72000","AGENCY FOR INTERNATIONAL DEVELOPMENT","ALB",2009,"Contract","non-local","ALBANIA","UNITED STATES"
"CONT_AWD_AID182S000100400_7200_-NONE-_-NONE-","AID182S000100400",87369,NA,2005-06-25,2009-06-24,"MISCELLANEOUS FOREIGN AWARDEES","FOREIGN ASSISTANCE PROGRAM","LN9PU5M2YZN5","MISCELLANEOUS FOREIGN AWARDEES","USA","LN9PU5M2YZN5","72000","AGENCY FOR INTERNATIONAL DEVELOPMENT","ALB",2005,"Contract","non-local","ALBANIA","UNITED STATES"
"CONT_AWD_AID182O1700002_7200_-NONE-_-NONE-","AID182O1700002",8870,NA,2017-04-11,2018-04-14,"FOREIGN AWARDEES (UNDISCLOSED)","IGF::CL::IGF - INTERNET SERVICES","NN2NGPDNCK23","FOREIGN AWARDEES (UNDISCLOSED)","USA","NN2NGPDNCK23","720182","USAID/ALBANIA","ALB",2017,"Contract","non-local","ALBANIA","UNITED STATES"
"CONT_AWD_AID182O1400002_7200_-NONE-_-NONE-","AID182O1400002",6791.6,NA,2014-09-22,2014-11-29,"MISCELLANEOUS FOREIGN AWARDEES","IT EQUIPMENT FOR USAID/ALBANIA","LN9PU5M2YZN5","MISCELLANEOUS FOREIGN AWARDEES","USA","LN9PU5M2YZN5","72000","AGENCY FOR INTERNATIONAL DEVELOPMENT","ALB",2014,"Contract","non-local","ALBANIA","UNITED STATES"
"CONT_AWD_AID182O1200014_7200_-NONE-_-NONE-","AID182O1200014",7250,NA,2012-09-13,2012-12-31,"DOMESTIC AWARDEES (UNDISCLOSED)","PAPER SHREDDER FOR USAID/ALBANIA","KA5HQCLKUVW1","DOMESTIC AWARDEES (UNDISCLOSED)","USA","KA5HQCLKUVW1","72000","AGENCY FOR INTERNATIONAL DEVELOPMENT","ALB",2012,"Contract","non-local","ALBANIA","UNITED STATES"
"CONT_AWD_AID182O1100012_7200_-NONE-_-NONE-","AID182O1100012",5832.82,NA,2011-09-22,2011-09-30,"FOREIGN AWARDEES (UNDISCLOSED)","MCC CLOSING EVENT - OUTREACH MATERIALS (INCLUDING DESIGN AND PRINTING/PRODUCING OF INVITATIONS, PROGRAM, POSTERS, CERTIFICATES, BOOKLETS, ETC)","NN2NGPDNCK23","FOREIGN AWARDEES (UNDISCLOSED)","USA","NN2NGPDNCK23","72000","AGENCY FOR INTERNATIONAL DEVELOPMENT","ALB",2011,"Contract","non-local","ALBANIA","UNITED STATES"
"CONT_AWD_AID182O001000005_7200_-NONE-_-NONE-","AID182O001000005",20441,NA,2010-01-13,2010-02-28,"FOREIGN AWARDEES (UNDISCLOSED)","ALBANIA RULE OF LAW PROGRAM ASSESSMENT","NN2NGPDNCK23","FOREIGN AWARDEES (UNDISCLOSED)","USA","NN2NGPDNCK23","72000","AGENCY FOR INTERNATIONAL DEVELOPMENT","ALB",2010,"Contract","non-local","ALBANIA","UNITED STATES"
"CONT_AWD_AID182O000810001_7200_-NONE-_-NONE-","AID182O000810001",8200,NA,2008-01-01,2008-12-31,"MISCELLANEOUS FOREIGN AWARDEES","WAREHOUSE LEASE DESPITE CONSOLIDATION DUE TO INABILITY OF ICASS TO STORE USAID'S PROPERTY","LN9PU5M2YZN5","MISCELLANEOUS FOREIGN AWARDEES","USA","LN9PU5M2YZN5","72000","AGENCY FOR INTERNATIONAL DEVELOPMENT","ALB",2008,"Contract","non-local","ALBANIA","UNITED STATES"
"CONT_AWD_AID182O000800006_7200_-NONE-_-NONE-","AID182O000800006",8850,NA,2008-03-17,2008-04-14,"MISCELLANEOUS FOREIGN AWARDEES","INTERNET CONNECTIVITY TO OFFICE AND OFFICIAL RESIDENCE","LN9PU5M2YZN5","MISCELLANEOUS FOREIGN AWARDEES","USA","LN9PU5M2YZN5","72000","AGENCY FOR INTERNATIONAL DEVELOPMENT","ALB",2008,"Contract","non-local","ALBANIA","UNITED STATES"
"CONT_AWD_AID182C1700001_7200_-NONE-_-NONE-","AID182C1700001",1861179.78,8700.91,2017-03-23,2021-12-02,"UNIVERSITY RESEARCH CO LLC","IGF::OT::IGF THE PURPOSE OF THE TRANSPARENCY IN HEALTH ENGAGEMENT (THE) ACTIVITY IS TO IMPROVE HEALTH SERVICES FOR ALBANIAN CITIZENS BY FOCUSING ON CORRUPTION AND ENCOURAGING COOPERATION AMONG SELECTED INDEPENDENT GOVERNMENT INSTITUTIONS, CIVIL SOCIETY ORGANIZATIONS (CSOS) AND MEDIA TO URGE FOR MORE RESPONSIBLE GOVERNANCE IN THE HEALTH SECTOR.","V6AUVN1WLN98","UNIVERSITY RESEARCH CO LLC","USA","V6AUVN1WLN98","720167","USAID/KOSOVO","ALB",2017,"Contract","non-local","ALBANIA","UNITED STATES"
"CONT_AWD_AID182C1200001_7200_-NONE-_-NONE-","AID182C1200001",19272484,2117965.04,2012-01-03,2022-08-02,"ARD, INC.","PLANNING AND LOCAL GOVERNANCE (PLGP) IN ALBANIA IN SUPPORT OF ALBANIAN ASPIRATIONS FOR EU INTEGRATION, THE  GOAL OF PLANNING AND LOCAL GOVERNANCE PROJECT (PLGP) IS TO PROMOTE BETTER COOPERATION AT THE CENTRAL AND LOCAL LEVELS, AND IMPROVE THE PERFORMANCE OF LOCAL GOVERNMENTS IN PROVIDING IMPROVED SERVICES. TEC: $9,279,232 OBLIGATED AMOUNT: $2,000,000","VHLHREH8Y7R4","TETRA TECH, INC.","USA","LMRMKLLL3LG5","720182","USAID/ALBANIA","ALB",2012,"Contract","non-local","ALBANIA","UNITED STATES"
"CONT_AWD_AID182C001000104_7200_-NONE-_-NONE-","AID182C001000104",5440419.05,NA,2010-10-01,2014-06-30,"ABT ASSOCIATES INC","ENABLING EQUITABLE HEALTH REFORMS IN ALBANIA.TAS::72 0306::TAS","C9S1NLQ67626","ABT ASSOCIATES INC.","USA","X1ZXL81Y8E18","720182","USAID/ALBANIA","ALB",2010,"Contract","non-local","ALBANIA","UNITED STATES"
"CONT_AWD_AID168S1500002_7200_-NONE-_-NONE-","AID168S1500002",288054.4,0,2015-01-26,2018-08-31,"DOMESTIC AWARDEES (UNDISCLOSED)","IGF::CL::IGF PSC - USAID DEVELOPMENT OUTREACH AND COMMUNICATION OFFICER","KA5HQCLKUVW1","DOMESTIC AWARDEES (UNDISCLOSED)","USA","KA5HQCLKUVW1","720168","USAID/BOSNIA/HERZ","ALB",2015,"Contract","non-local","ALBANIA","UNITED STATES"
"CONT_AWD_AID168S1400001_7200_-NONE-_-NONE-","AID168S1400001",316363.94,0,2014-03-23,2017-08-08,"DOMESTIC AWARDEES (UNDISCLOSED)","IGF::CL::IGF DEPUTY EXECUTIVE OFFICER AND FINANCIAL MANAGEMENT SPECIALIST","KA5HQCLKUVW1","DOMESTIC AWARDEES (UNDISCLOSED)","USA","KA5HQCLKUVW1","720182","USAID/ALBANIA","ALB",2014,"Contract","non-local","ALBANIA","UNITED STATES"
"CONT_AWD_72018222S00001_7200_-NONE-_-NONE-","72018222S00001",174838,112184.72,2022-01-05,2024-01-04,"DOMESTIC AWARDEES (UNDISCLOSED)","AWARD A LOCAL HIRE U.S. PSC FOR DOC SPECIALIST IN PROGRAM OFFICE OF USAID/ALBANIA","KA5HQCLKUVW1","DOMESTIC AWARDEES (UNDISCLOSED)","USA","KA5HQCLKUVW1","720167","USAID/KOSOVO","ALB",2022,"Contract","non-local","ALBANIA","UNITED STATES"
"CONT_AWD_72018219P00006_7200_-NONE-_-NONE-","72018219P00006",41042.05,41042.05,2019-09-19,2022-01-12,"FEDERAL ACQUISITION SERVICE","PASSENGER VEHICLE","MG3UV91KYCZ7","GOVERNMENT OF THE UNITED STATES","USA","NW2RJN8TQQW1","720182","USAID/ALBANIA","ALB",2019,"Contract","non-local","ALBANIA","UNITED STATES"
"CONT_AWD_AID182TO1700001_7200_AID182I1700002_7200","AID182TO1700001",39797.97,NA,2016-12-08,2017-05-26,"SOURCE ONE SH.P.K.","IGF::OT::IGF USAID IS SUPPORTING GOA EFFORTS TO IMPROVE THE EFFICIENCY, TRANSPARENCY, AND ACCOUNTABILITY OF GOVERNMENT OPERATIONS, PARTICULARLY HOW THE GOVERNMENT MANAGES AND OVERSEES PUBLIC SPENDING, AND USES PUBLIC FUNDS TO PROVIDE SERVICES IN LINE WITH EU STANDARDS.","T9URMSM6QV63","SOURCE ONE SH.P.K.","ALB","T9URMSM6QV63","720167","USAID/KOSOVO","ALB",2017,"Contract","local","ALBANIA","ALBANIA"
"CONT_AWD_AID182S1100001_7200_-NONE-_-NONE-","AID182S1100001",59512.47,NA,2011-02-01,2012-05-18,"DOMESTIC AWARDEES (UNDISCLOSED)","USPSC - INTERMITTENT SENIOR MULTI-SECTOR ADVISOR","KA5HQCLKUVW1","DOMESTIC AWARDEES (UNDISCLOSED)","USA","KA5HQCLKUVW1","72000","AGENCY FOR INTERNATIONAL DEVELOPMENT","ALB",2011,"Contract","non-local","ALBANIA","UNITED STATES"
"CONT_AWD_AID182S001000003_7200_-NONE-_-NONE-","AID182S001000003",20624,NA,2010-01-05,2011-01-04,"FOREIGN AWARDEES (UNDISCLOSED)","DRIVER DRIVER DRIVER DRIVER","NN2NGPDNCK23","FOREIGN AWARDEES (UNDISCLOSED)","USA","NN2NGPDNCK23","72000","AGENCY FOR INTERNATIONAL DEVELOPMENT","ALB",2010,"Contract","non-local","ALBANIA","UNITED STATES"
"CONT_AWD_AID182S000900013_7200_-NONE-_-NONE-","AID182S000900013",43758,NA,2009-05-16,2011-06-15,"MISCELLANEOUS FOREIGN AWARDEES","SECRETARIAL SERVICES (GDO) AS FULL-TIME EQUIVALENT (FTE) UNDER MCC II","LN9PU5M2YZN5","MISCELLANEOUS FOREIGN AWARDEES","USA","LN9PU5M2YZN5","72000","AGENCY FOR INTERNATIONAL DEVELOPMENT","ALB",2009,"Contract","non-local","ALBANIA","UNITED STATES"
"CONT_AWD_AID182O1500002_7200_-NONE-_-NONE-","AID182O1500002",6160,NA,2015-04-09,2016-04-01,"FOREIGN AWARDEES (UNDISCLOSED)","IGF::CL::IGF INTERNET CONNECTIVITY FOR USAID/ALBANIA FOR PERIOD APRIL 15, 2015 - APRIL 14, 2016","NN2NGPDNCK23","FOREIGN AWARDEES (UNDISCLOSED)","USA","NN2NGPDNCK23","72000","AGENCY FOR INTERNATIONAL DEVELOPMENT","ALB",2015,"Contract","non-local","ALBANIA","UNITED STATES"
"CONT_AWD_AID182O1300002_7200_-NONE-_-NONE-","AID182O1300002",6159.16,NA,2013-04-10,2014-04-14,"FOREIGN AWARDEES (UNDISCLOSED)","IGF::CL::IGF - INTERNET SERVICES TO USAID OFFICE&REMOTE SAFEHAVEN","NN2NGPDNCK23","FOREIGN AWARDEES (UNDISCLOSED)","USA","NN2NGPDNCK23","72000","AGENCY FOR INTERNATIONAL DEVELOPMENT","ALB",2013,"Contract","non-local","ALBANIA","UNITED STATES"
"CONT_AWD_AID182O1200006_7200_-NONE-_-NONE-","AID182O1200006",6602.68,NA,2012-04-26,2013-04-14,"FOREIGN AWARDEES (UNDISCLOSED)","INTERNET SERVICES FOR USAID/ALBANIA","NN2NGPDNCK23","FOREIGN AWARDEES (UNDISCLOSED)","USA","NN2NGPDNCK23","72000","AGENCY FOR INTERNATIONAL DEVELOPMENT","ALB",2012,"Contract","non-local","ALBANIA","UNITED STATES"
"CONT_AWD_AID182O1200004_7200_-NONE-_-NONE-","AID182O1200004",3000,NA,2012-02-08,2012-09-30,"FOREIGN AWARDEES (UNDISCLOSED)","COMPUTER UPGRADES.","NN2NGPDNCK23","FOREIGN AWARDEES (UNDISCLOSED)","USA","NN2NGPDNCK23","72000","AGENCY FOR INTERNATIONAL DEVELOPMENT","ALB",2012,"Contract","non-local","ALBANIA","UNITED STATES"
"CONT_AWD_AID182O1100004_7200_-NONE-_-NONE-","AID182O1100004",7050,NA,2011-04-15,2012-04-14,"FOREIGN AWARDEES (UNDISCLOSED)","INTERNET SERVICES FOR USAID/ALBANIA","NN2NGPDNCK23","FOREIGN AWARDEES (UNDISCLOSED)","USA","NN2NGPDNCK23","72000","AGENCY FOR INTERNATIONAL DEVELOPMENT","ALB",2011,"Contract","non-local","ALBANIA","UNITED STATES"
"CONT_AWD_AID182O1100003_7200_-NONE-_-NONE-","AID182O1100003",3358,NA,2011-03-31,2011-08-31,"FOREIGN AWARDEES (UNDISCLOSED)","BIODIVERSITY ASSESSMENT FOR ALBANIAN STRATEGY","NN2NGPDNCK23","FOREIGN AWARDEES (UNDISCLOSED)","USA","NN2NGPDNCK23","72000","AGENCY FOR INTERNATIONAL DEVELOPMENT","ALB",2011,"Contract","non-local","ALBANIA","UNITED STATES"
"CONT_AWD_AID182O001000010_7200_-NONE-_-NONE-","AID182O001000010",50000,NA,2010-01-14,2010-04-30,"FOREIGN AWARDEES (UNDISCLOSED)","EMERGENCY FLOOD DISASTER RELIEF","NN2NGPDNCK23","FOREIGN AWARDEES (UNDISCLOSED)","USA","NN2NGPDNCK23","72000","AGENCY FOR INTERNATIONAL DEVELOPMENT","ALB",2010,"Contract","non-local","ALBANIA","UNITED STATES"
"CONT_AWD_AID182O000900023_7200_-NONE-_-NONE-","AID182O000900023",11755.3,NA,2009-09-25,2010-09-24,"MISCELLANEOUS FOREIGN AWARDEES","REPLACEMENT COMPUTERS, MONITORS, AND PRINTERS","LN9PU5M2YZN5","MISCELLANEOUS FOREIGN AWARDEES","USA","LN9PU5M2YZN5","72000","AGENCY FOR INTERNATIONAL DEVELOPMENT","ALB",2009,"Contract","non-local","ALBANIA","UNITED STATES"
"CONT_AWD_AID182O000900011_7200_-NONE-_-NONE-","AID182O000900011",7500,NA,2009-04-15,2010-04-14,"MISCELLANEOUS FOREIGN AWARDEES","INTERNET SERVICES TO MD RESIDENCE, OFFICES, AND OFFICE STAND-ALONE WORKSTATION","LN9PU5M2YZN5","MISCELLANEOUS FOREIGN AWARDEES","USA","LN9PU5M2YZN5","72000","AGENCY FOR INTERNATIONAL DEVELOPMENT","ALB",2009,"Contract","non-local","ALBANIA","UNITED STATES"
"CONT_AWD_AID182O000900001_7200_-NONE-_-NONE-","AID182O000900001",10890,NA,2008-11-01,2009-02-15,"FOREIGN AWARDEES (UNDISCLOSED)","COSTS OF RETAINING OFFICE SPACE FROM THE MCC PHASE 1 (CHEMONICS) OFFICE FOR THE MCC PHASE 2 (IMPLEMENTER TBD)","NN2NGPDNCK23","FOREIGN AWARDEES (UNDISCLOSED)","USA","NN2NGPDNCK23","72000","AGENCY FOR INTERNATIONAL DEVELOPMENT","ALB",2009,"Contract","non-local","ALBANIA","UNITED STATES"
"CONT_AWD_AID182O000800019_7200_-NONE-_-NONE-","AID182O000800019",4596.48,NA,2008-08-06,2008-09-30,"MISCELLANEOUS FOREIGN AWARDEES","REPLACEMENT OF COMPUTER MONITORS","LN9PU5M2YZN5","MISCELLANEOUS FOREIGN AWARDEES","USA","LN9PU5M2YZN5","72000","AGENCY FOR INTERNATIONAL DEVELOPMENT","ALB",2008,"Contract","non-local","ALBANIA","UNITED STATES"
"CONT_AWD_AID182O000800018_7200_-NONE-_-NONE-","AID182O000800018",4977,NA,2008-06-08,2008-09-30,"MISCELLANEOUS FOREIGN AWARDEES","REPLACEMENT OF UNINTERRUPTED POWER SUPPLIES (UPS)","LN9PU5M2YZN5","MISCELLANEOUS FOREIGN AWARDEES","USA","LN9PU5M2YZN5","72000","AGENCY FOR INTERNATIONAL DEVELOPMENT","ALB",2008,"Contract","non-local","ALBANIA","UNITED STATES"
"CONT_AWD_AID182O000800009_7200_-NONE-_-NONE-","AID182O000800009",50000,NA,2008-03-28,2008-04-30,"MISCELLANEOUS FOREIGN AWARDEES","DISASTER RELIEF EFFORTS: REPLENISHMENT OF BASIC FOOD AND NON-FOOD ITEMS PROVIDED TO THE VICTIMS OF THE GERDEC EXPLOSIONS IN MARCH 2008","LN9PU5M2YZN5","MISCELLANEOUS FOREIGN AWARDEES","USA","LN9PU5M2YZN5","72000","AGENCY FOR INTERNATIONAL DEVELOPMENT","ALB",2008,"Contract","non-local","ALBANIA","UNITED STATES"
"CONT_AWD_72018219F00001_7200_AID167I1700004_7200","72018219F00001",76158.38,NA,2019-02-15,2019-05-16,"IMPAQ INTERNATIONAL LLC","PERFORMANCE EVALUATION OF THE SUSTAINABLE WATER SECTOR CAPACITY DEVELOPMENT PROJECT IN ALBANIA","HPLEKBSHLEM4","IMPAQ LLC","USA","TP8SWRLQBQS9","720182","USAID/ALBANIA","ALB",2019,"Contract","non-local","ALBANIA","UNITED STATES"
"CONT_AWD_72018219S00001_7200_-NONE-_-NONE-","72018219S00001",12772.81,NA,2019-03-27,2019-06-03,"DOMESTIC AWARDEES (UNDISCLOSED)","IGF::OT::IGF  AWARD THE LOCAL HIRE U.S. PERSONAL SERVICES CONTRACT FOR DEVELOPMENT, OUTREACH AND COMMUNICATION (DOC) SPECIALIST IN THE PROGRAM OFFICE OF USAID/ALBANIA.","KA5HQCLKUVW1","DOMESTIC AWARDEES (UNDISCLOSED)","USA","KA5HQCLKUVW1","720167","USAID/KOSOVO","ALB",2019,"Contract","non-local","ALBANIA","UNITED STATES"
"CONT_AWD_AIDDFDI040400173_7200_AIDDFDI000400173_7200","AIDDFDI040400173",5016011.97,NA,2007-09-19,2010-07-15,"DOMESTIC AWARDEES (UNDISCLOSED)","TECHNICAL ASSISTANCE SUPPORT TO IMPLEMENT THE ALBANIAN RULE OF LAW ACTIVITY.","KA5HQCLKUVW1","DOMESTIC AWARDEES (UNDISCLOSED)","USA","KA5HQCLKUVW1","720182","USAID/ALBANIA","ALB",2007,"Contract","non-local","ALBANIA","UNITED STATES"
"CONT_AWD_AIDDFDI010800070_7200_AIDDFDI000800070_7200","AIDDFDI010800070",13947829,NA,2009-01-23,2011-05-31,"CHEMONICS INTERNATIONAL, INC.","HELPING ALBANIA TO BECOME ELIGIBLE FOR A COMPACT WITH THE MILLENNIUM CHALLENGE CORPORATION (MCC).  THIS 24-MONTH ACTIVITY WILL BE IMPLEMENTED UNDER A BILATERAL STRATEGIC OBJECTIVE GRANT AGREEMENT (SOAG) BETWEEN THE UNITED STATES GOVERNMENT AND THE GOVERNMENT OF ALBANIA (GOA).","DSUSFJFR9A33","CHEMONICS INTERNATIONAL, INC.","USA","DSUSFJFR9A33","72000","AGENCY FOR INTERNATIONAL DEVELOPMENT","ALB",2009,"Contract","non-local","ALBANIA","UNITED STATES"
"CONT_AWD_AID182S001000008_7200_-NONE-_-NONE-","AID182S001000008",34503,NA,2010-02-07,2011-02-06,"DOMESTIC AWARDEES (UNDISCLOSED)","DEVELOPMENT OUTREACH AND COMMUNICATIONS OFFICER","KA5HQCLKUVW1","DOMESTIC AWARDEES (UNDISCLOSED)","USA","KA5HQCLKUVW1","72000","AGENCY FOR INTERNATIONAL DEVELOPMENT","ALB",2010,"Contract","non-local","ALBANIA","UNITED STATES"
"CONT_AWD_AID182S000900015_7200_-NONE-_-NONE-","AID182S000900015",14946,NA,2009-09-28,2010-09-27,"MISCELLANEOUS FOREIGN AWARDEES","ROVING SECRETARY SERVICES","LN9PU5M2YZN5","MISCELLANEOUS FOREIGN AWARDEES","USA","LN9PU5M2YZN5","72000","AGENCY FOR INTERNATIONAL DEVELOPMENT","ALB",2009,"Contract","non-local","ALBANIA","UNITED STATES"
"CONT_AWD_AID182S000800001_7200_-NONE-_-NONE-","AID182S000800001",339536,NA,2008-01-07,2009-11-13,"MISCELLANEOUS FOREIGN AWARDEES","USAID STAFF, OE FUNDED (MASTER FUNDING DOCUMENT)","LN9PU5M2YZN5","MISCELLANEOUS FOREIGN AWARDEES","USA","LN9PU5M2YZN5","72000","AGENCY FOR INTERNATIONAL DEVELOPMENT","ALB",2008,"Contract","non-local","ALBANIA","UNITED STATES"
"CONT_AWD_AID182O1700005_7200_-NONE-_-NONE-","AID182O1700005",8200,NA,2017-06-06,2017-09-30,"MISCELLANEOUS FOREIGN AWARDEES","TAPE AUTOLOADER","LN9PU5M2YZN5","MISCELLANEOUS FOREIGN AWARDEES","USA","LN9PU5M2YZN5","720182","USAID/ALBANIA","ALB",2017,"Contract","non-local","ALBANIA","UNITED STATES"
"CONT_AWD_AID182O1600001_7200_-NONE-_-NONE-","AID182O1600001",9420,NA,2016-04-15,2017-04-14,"FOREIGN AWARDEES (UNDISCLOSED)","IGF::CL::IGF INTERNET SERVICES FOR USAID","NN2NGPDNCK23","FOREIGN AWARDEES (UNDISCLOSED)","USA","NN2NGPDNCK23","720182","USAID/ALBANIA","ALB",2016,"Contract","non-local","ALBANIA","UNITED STATES"
"CONT_AWD_AID182O1500007_7200_-NONE-_-NONE-","AID182O1500007",6844.92,NA,2015-09-30,2015-11-16,"MISCELLANEOUS FOREIGN AWARDEES","25 INCH MONITORS FOR USAID/ALBANIA","LN9PU5M2YZN5","MISCELLANEOUS FOREIGN AWARDEES","USA","LN9PU5M2YZN5","72000","AGENCY FOR INTERNATIONAL DEVELOPMENT","ALB",2015,"Contract","non-local","ALBANIA","UNITED STATES"
"CONT_AWD_AID182O1500006_7200_-NONE-_-NONE-","AID182O1500006",7939.96,NA,2015-04-09,2015-05-09,"FOREIGN AWARDEES (UNDISCLOSED)","IGF::CL::IGF SUPPORT FOR ANTI-TRAFFICKING RELATED CONFERENCE","NN2NGPDNCK23","FOREIGN AWARDEES (UNDISCLOSED)","USA","NN2NGPDNCK23","72000","AGENCY FOR INTERNATIONAL DEVELOPMENT","ALB",2015,"Contract","non-local","ALBANIA","UNITED STATES"
"CONT_AWD_AID182O000900002_7200_-NONE-_-NONE-","AID182O000900002",3823.96,NA,2008-11-07,2009-02-15,"FOREIGN AWARDEES (UNDISCLOSED)","SECURITY SERVICES FOR TEMPORARY OFFICE SPACE LEASE","NN2NGPDNCK23","FOREIGN AWARDEES (UNDISCLOSED)","USA","NN2NGPDNCK23","72000","AGENCY FOR INTERNATIONAL DEVELOPMENT","ALB",2009,"Contract","non-local","ALBANIA","UNITED STATES"
"CONT_AWD_AID182O000700011_7200_-NONE-_-NONE-","AID182O000700011",12400,NA,2007-05-09,2007-05-11,"LAKEWOOD ASSOCIATES, LLC","WRITING SKILLS TRAINING FOR USAID/ALBANIA'S LOCALLY EMPLOYED STAFF","MSFGSLSQSJZ5","LAKEWOOD ASSOCIATES, LLC","USA","MSFGSLSQSJZ5","72000","AGENCY FOR INTERNATIONAL DEVELOPMENT","ALB",2008,"Contract","non-local","ALBANIA","UNITED STATES"
"CONT_AWD_AID182C001000105_7200_-NONE-_-NONE-","AID182C001000105",9683724.12,8945.55,2010-10-01,2015-09-30,"CHEMONICS INTERNATIONAL, INC.","THE PURPOSE OF THE ALBANIAN JUSTICE SECTOR STRENGTHENING PROJECT (AJSSP) IS TO IMPROVE THE PERFORMANCE OF THE ALBANIAN JUSTICE SECTOR AND TO STRENGTHEN CIVIC ORGANIZATIONS AND MEDIA?S WATCHDOG AND ANTICORRUPTION ROLE.  THE PROJECT OBJECTIVE WILL BE ACHIEVED THROUGH ACTIVITIES THAT WILL: 1) PROMOTE TRANSPARENCY AND EFFICIENCY IN THE COURTS; 2) IMPROVE CAPABILITIES OF THE LEGAL PROFESSION AND 3) ENGAGE CIVIC ACTORS IN MONITORING AND ADVOCACY AND STRENGTHEN THEIR ROLE.TAS::72 0306::TAS","DSUSFJFR9A33","CHEMONICS INTERNATIONAL, INC.","USA","DSUSFJFR9A33","720182","USAID/ALBANIA","ALB",2010,"Contract","non-local","ALBANIA","UNITED STATES"
"CONT_AWD_72018218F00001_7200_AID182I1700004_7200","72018218F00001",18457.71,0,2018-03-28,2018-08-31,"KUBE STUDIOS SH.P.K.","IGF::OT::IGF THIS ACTIVITY WILL COMPLIMENT USAID EFFORTS TO INCREASES MEDIA LITERACY AMONG A WIDER THE BROAD ALBANIAN PUBLIC, IN ORDER TO SUPPORT CRITICAL THINKING SKILLS THAT ALLOW AUDIENCES TO DEVELOP INDEPENDENT JUDGMENTS ABOUT MEDIA CONTENT RELATED TO GOOD GOVERNANCE, ANTI-CORRUPTION, AND TRANSPARENCY ISSUES.","T5XVFHJVMX61","KUBE STUDIOS SH.P.K.","ALB","T5XVFHJVMX61","720167","USAID/KOSOVO","ALB",2018,"Contract","local","ALBANIA","ALBANIA"
"CONT_AWD_AIDDFDI150400228_7200_AIDDFDI000400228_7200","AIDDFDI150400228",71125,NA,2008-04-21,2008-06-10,"MANAGEMENT SYSTEMS INTERNATIONAL, INC.","THE UNITED STATES AGENCY FOR INTERNATIONAL DEVELOPMENT (USAID), IN ALBANIA, DEMOCRACY AND  GOVERNANCE OFFICE REQUIRES TECHNICAL ASSISTANCE TO EVALUATE THE DEMOCRACY AND GOVERNANCE IN ALBANIA PROJECT, AS DETAILED BELOW.  THE PURPOSE OF THIS ACTIVITY IS TO EVALUATE THE OVERALL PROGRAM IMPLEMENTED BY NATIONAL DEMOCRATIC INSTITUTE (NDI) AND ITS CONSORTIUM PARTNERS. THE EVALUATION WILL INCLUDE, BUT NOT LIMITED TO, WHETHER OBJECTIVES AND RESULTS OF THE PROJECT HAVE BEEN ACHIEVED, ALSO, THE IMPACT OF THESE RESULTS.","M5NWCBJCKST7","MANAGEMENT SYSTEMS INTERNATIONAL, INC.","USA","M5NWCBJCKST7","72000","AGENCY FOR INTERNATIONAL DEVELOPMENT","ALB",2008,"Contract","non-local","ALBANIA","UNITED STATES"
"CONT_AWD_AIDDFDI020500219_7200_AIDDFDI000500219_7200","AIDDFDI020500219",13929277.55,NA,2006-09-15,2008-11-06,"CHEMONICS INTERNATIONAL, INC.","SUPPORT TO ALBANIA'S MCA THRESHOLD COUNTRY PLAN","DSUSFJFR9A33","CHEMONICS INTERNATIONAL, INC.","USA","DSUSFJFR9A33","720167","USAID/KOSOVO","ALB",2006,"Contract","non-local","ALBANIA","UNITED STATES"
"CONT_AWD_AID182TO1700003_7200_AID182I1700003_7200","AID182TO1700003",40656.24,NA,2017-01-31,2017-06-30,"CBS (CREATIVE BUSINESS SOLUTIONS)","IGF::OT::IGF YOUR VOTE MATTERS CAMPAIGN IN ALBANIA","EQK9DSDDW465","CBS (CREATIVE BUSINESS SOLUTIONS)","ALB","EQK9DSDDW465","720167","USAID/KOSOVO","ALB",2017,"Contract","local","ALBANIA","ALBANIA"
"CONT_AWD_AID182S001000004_7200_-NONE-_-NONE-","AID182S001000004",75335,NA,2010-01-05,2011-07-31,"DOMESTIC AWARDEES (UNDISCLOSED)","MCC THRESHOLD PROGRAM MANAGER","KA5HQCLKUVW1","DOMESTIC AWARDEES (UNDISCLOSED)","USA","KA5HQCLKUVW1","72000","AGENCY FOR INTERNATIONAL DEVELOPMENT","ALB",2010,"Contract","non-local","ALBANIA","UNITED STATES"
"CONT_AWD_AID182S000900019_7200_-NONE-_-NONE-","AID182S000900019",38772,NA,2009-09-08,2010-09-07,"MISCELLANEOUS FOREIGN AWARDEES","RULE OF LAW PROJECT SPECIALIST","LN9PU5M2YZN5","MISCELLANEOUS FOREIGN AWARDEES","USA","LN9PU5M2YZN5","72000","AGENCY FOR INTERNATIONAL DEVELOPMENT","ALB",2009,"Contract","non-local","ALBANIA","UNITED STATES"
"CONT_AWD_AID182S000900014_7200_-NONE-_-NONE-","AID182S000900014",69072,NA,2009-07-15,2011-07-14,"MISCELLANEOUS FOREIGN AWARDEES","PROJECT DEVELOPMENT SPECIALIST","LN9PU5M2YZN5","MISCELLANEOUS FOREIGN AWARDEES","USA","LN9PU5M2YZN5","72000","AGENCY FOR INTERNATIONAL DEVELOPMENT","ALB",2009,"Contract","non-local","ALBANIA","UNITED STATES"
"CONT_AWD_AID182S000900001_7200_-NONE-_-NONE-","AID182S000900001",77954,NA,2009-01-01,2010-12-31,"MISCELLANEOUS FOREIGN AWARDEES","AGRICULTURAL SPECIALIST SERVICES","LN9PU5M2YZN5","MISCELLANEOUS FOREIGN AWARDEES","USA","LN9PU5M2YZN5","72000","AGENCY FOR INTERNATIONAL DEVELOPMENT","ALB",2009,"Contract","non-local","ALBANIA","UNITED STATES"
"CONT_AWD_AID182O1700003_7200_-NONE-_-NONE-","AID182O1700003",6179.56,NA,2017-06-09,2017-06-30,"MOVE ONE SH.P.K.","IGF::OT::IGF  PACK OUT AND TRANSPORT OF DIPLOMATIC UAB AND DIPLOMATIC HHG + POV","MC6DLKTZ33A7","LUCELLA LIMITED","ALB","H5HPJ49QFVM4","720167","USAID/KOSOVO","ALB",2017,"Contract","local","ALBANIA","ALBANIA"
"CONT_AWD_AID182O1300006_7200_-NONE-_-NONE-","AID182O1300006",41761.41,0,2013-08-23,2018-09-30,"FEDERAL ACQUISITION SERVICE","PASSENGER VEHICLE","MG3UV91KYCZ7","GOVERNMENT OF THE UNITED STATES","USA","NW2RJN8TQQW1","720182","USAID/ALBANIA","ALB",2013,"Contract","non-local","ALBANIA","UNITED STATES"
"CONT_AWD_AID182O1200010_7200_-NONE-_-NONE-","AID182O1200010",3998.53,NA,2012-07-11,2012-09-30,"FOREIGN AWARDEES (UNDISCLOSED)","APPLE IPHONES 4GS, 16GB","NN2NGPDNCK23","FOREIGN AWARDEES (UNDISCLOSED)","USA","NN2NGPDNCK23","72000","AGENCY FOR INTERNATIONAL DEVELOPMENT","ALB",2012,"Contract","non-local","ALBANIA","UNITED STATES"
"CONT_AWD_AID182O1200003_7200_-NONE-_-NONE-","AID182O1200003",6618.68,NA,2012-02-07,2012-09-30,"FOREIGN AWARDEES (UNDISCLOSED)","HANDSET PHONES FOR USAID/ALBANIA","NN2NGPDNCK23","FOREIGN AWARDEES (UNDISCLOSED)","USA","NN2NGPDNCK23","72000","AGENCY FOR INTERNATIONAL DEVELOPMENT","ALB",2012,"Contract","non-local","ALBANIA","UNITED STATES"
"CONT_AWD_AID182O001000006_7200_-NONE-_-NONE-","AID182O001000006",3900,NA,2010-01-27,2010-04-27,"DELL FEDERAL SYSTEMS L.P.","PROCUREMENT OF DELL REPLACEMENT COMPUTERS","N1C5QLNPJLS4","DELL COMPUTER CORPORATION","USA","VPS2ENNHG5Q5","72000","AGENCY FOR INTERNATIONAL DEVELOPMENT","ALB",2010,"Contract","non-local","ALBANIA","UNITED STATES"
"CONT_AWD_AID182O000900021_7200_-NONE-_-NONE-","AID182O000900021",26967,NA,2009-09-10,2010-09-10,"MISCELLANEOUS FOREIGN AWARDEES","HOUSEHOLD FURNITURE FURNITURE","LN9PU5M2YZN5","MISCELLANEOUS FOREIGN AWARDEES","USA","LN9PU5M2YZN5","72000","AGENCY FOR INTERNATIONAL DEVELOPMENT","ALB",2009,"Contract","non-local","ALBANIA","UNITED STATES"
"CONT_AWD_72018220S00001_7200_-NONE-_-NONE-","72018220S00001",93290.54,93290.54,2020-09-09,2022-03-18,"DOMESTIC AWARDEES (UNDISCLOSED)","AWARD A LOCAL HIRE U.S. PERSONAL SERVICES CONTRACT FOR DEVELOPMENT, OUTREACH, AND COMMUNICATION IN THE PROGRAM OFFICE OF USAID/ALBANIA.","KA5HQCLKUVW1","DOMESTIC AWARDEES (UNDISCLOSED)","USA","KA5HQCLKUVW1","720167","USAID/KOSOVO","ALB",2020,"Contract","non-local","ALBANIA","UNITED STATES"
"CONT_AWD_72018218P00003_7200_-NONE-_-NONE-","72018218P00003",8240,NA,2018-04-10,2019-04-14,"FOREIGN AWARDEES (UNDISCLOSED)","INTERNET CONNECTIVITY FOR USAID/ALBANIA","NN2NGPDNCK23","FOREIGN AWARDEES (UNDISCLOSED)","USA","NN2NGPDNCK23","720182","USAID/ALBANIA","ALB",2018,"Contract","non-local","ALBANIA","UNITED STATES"
"CONT_AWD_AIDEDHI080500004_7200_AIDEDHI000500004_7200","AIDEDHI080500004",10837993.8,NA,2007-07-13,2013-01-12,"DOMESTIC AWARDEES (UNDISCLOSED)","THE PURPOSE OF THIS AWARD IS TO IMPLEMENT THE ALBANIAN AGRICULTURE COMPETITIVENESS PROGRAM.","KA5HQCLKUVW1","DOMESTIC AWARDEES (UNDISCLOSED)","USA","KA5HQCLKUVW1","720182","USAID/ALBANIA","ALB",2007,"Contract","non-local","ALBANIA","UNITED STATES"
"CONT_AWD_AID182O001000017_7200_-NONE-_-NONE-","AID182O001000017",24476,NA,2010-04-23,2010-06-23,"DOMESTIC AWARDEES (UNDISCLOSED)","MID-TERM EVALUATION FOR THE USAID/ALBANIA MCC THRESHOLD COUNTRY PROGRAM IITAS::72 2750::TAS","KA5HQCLKUVW1","DOMESTIC AWARDEES (UNDISCLOSED)","USA","KA5HQCLKUVW1","72000","AGENCY FOR INTERNATIONAL DEVELOPMENT","ALB",2010,"Contract","non-local","ALBANIA","UNITED STATES"
"CONT_AWD_AID182O001000002_7200_-NONE-_-NONE-","AID182O001000002",3402.72,NA,2010-04-01,2011-03-31,"FOREIGN AWARDEES (UNDISCLOSED)","CONTINUATION OF WEBHOSTING SERVICES FOR USAID ALBANIA'S WEBSITETAS::72 0306::TAS","NN2NGPDNCK23","FOREIGN AWARDEES (UNDISCLOSED)","USA","NN2NGPDNCK23","72000","AGENCY FOR INTERNATIONAL DEVELOPMENT","ALB",2010,"Contract","non-local","ALBANIA","UNITED STATES"
"CONT_AWD_AID182O000900024_7200_-NONE-_-NONE-","AID182O000900024",10788,NA,2009-09-25,2010-09-24,"MISCELLANEOUS FOREIGN AWARDEES","COLOR PHOTO COPIER COPIER COPIER","LN9PU5M2YZN5","MISCELLANEOUS FOREIGN AWARDEES","USA","LN9PU5M2YZN5","72000","AGENCY FOR INTERNATIONAL DEVELOPMENT","ALB",2009,"Contract","non-local","ALBANIA","UNITED STATES"
"CONT_AWD_AID182O000800024_7200_-NONE-_-NONE-","AID182O000800024",3000,NA,2008-09-29,2009-09-28,"FOREIGN AWARDEES (UNDISCLOSED)","CURTAINS AND DRAPERY FOR MISSION DIRECTOR'S HOUSE","NN2NGPDNCK23","FOREIGN AWARDEES (UNDISCLOSED)","USA","NN2NGPDNCK23","72000","AGENCY FOR INTERNATIONAL DEVELOPMENT","ALB",2008,"Contract","non-local","ALBANIA","UNITED STATES"
"CONT_AWD_AID182C1600002_7200_-NONE-_-NONE-","AID182C1600002",247228,NA,2016-09-01,2017-08-31,"IVOTE D.O.O.","IGF::OT::IGF - COMPLETE THE ELECTRONIC ELECTION ADMINISTRATION SYSTEM FOR THE ALBANIAN CENTRAL ELECTION COMMISSION (CEC)","HEKEN8B46J26","IVOTE D.O.O.","MKD","HEKEN8B46J26","720182","USAID/ALBANIA","ALB",2016,"Contract","non-local","ALBANIA","NORTH MACEDONIA"
"CONT_AWD_AID182TO1200001_7200_AIDRANI000900018_7200","AID182TO1200001",59785.38,NA,2012-05-18,2012-06-21,"ME&A, INC.","IGF::OT::IGF OTHER FUNCTIONS - TASK ORDER UNDER THE EVALUATION SERVICES IQC  PURPOSE OF THE EVALUATION: 1) TO ASSESS THE PERFORMANCE AND THE ACHIEVEMENTS OF THE AAC PROGRAM TO DATE. 2) TO CULTIVATE BEST PRACTICES AND LESSONS-LEARNED FROM THE AAC PROGRAM. 3) TO ASSESS AND RECOMMEND ANY OTHER OPPORTUNITIES IN THE AGRICULTURE SECTOR THAT SHOULD BE CONSIDERED FOR FUTURE FUNDING/SUPPORT. 4) TO PROVIDE USAID/ALBANIA WITH PRACTICAL AND IMPLEMENTABLE RECOMMENDATIONS FOR CORE USAID SUPPORT TO THE AGRICULTURAL SECTOR UTILIZING HOST-COUNTRY INSTITUTION(S).","P4ZFK5BMEKF4","ME&A, INC.","USA","P4ZFK5BMEKF4","72000","AGENCY FOR INTERNATIONAL DEVELOPMENT","ALB",2012,"Contract","non-local","ALBANIA","UNITED STATES"
"CONT_AWD_AID182S000900002_7200_-NONE-_-NONE-","AID182S000900002",122983,NA,2009-03-23,2011-03-22,"DOMESTIC AWARDEES (UNDISCLOSED)","DEPUTY EXECUTIVE OFFICER AND FINANCIAL MANAGER SERVICES","KA5HQCLKUVW1","DOMESTIC AWARDEES (UNDISCLOSED)","USA","KA5HQCLKUVW1","72000","AGENCY FOR INTERNATIONAL DEVELOPMENT","ALB",2009,"Contract","non-local","ALBANIA","UNITED STATES"
"CONT_AWD_AID182S000300400_7200_-NONE-_-NONE-","AID182S000300400",93734.24,NA,2005-03-23,2009-03-22,"MISCELLANEOUS FOREIGN AWARDEES","FOREIGN ASSISTANCE PROGRAM","LN9PU5M2YZN5","MISCELLANEOUS FOREIGN AWARDEES","USA","LN9PU5M2YZN5","72000","AGENCY FOR INTERNATIONAL DEVELOPMENT","ALB",2005,"Contract","non-local","ALBANIA","UNITED STATES"
"CONT_AWD_AID182S000000106_7200_-NONE-_-NONE-","AID182S000000106",44075,NA,2005-01-01,2010-01-04,"MISCELLANEOUS FOREIGN AWARDEES","FOREIGN ASSISTANCE PROGRAM","LN9PU5M2YZN5","MISCELLANEOUS FOREIGN AWARDEES","USA","LN9PU5M2YZN5","72000","AGENCY FOR INTERNATIONAL DEVELOPMENT","ALB",2006,"Contract","non-local","ALBANIA","UNITED STATES"
"CONT_AWD_AID182O1200015_7200_-NONE-_-NONE-","AID182O1200015",5195.17,NA,2012-09-21,2012-09-30,"MISCELLANEOUS FOREIGN AWARDEES","IPADS FOR USAID/ALBANIA","LN9PU5M2YZN5","MISCELLANEOUS FOREIGN AWARDEES","USA","LN9PU5M2YZN5","72000","AGENCY FOR INTERNATIONAL DEVELOPMENT","ALB",2012,"Contract","non-local","ALBANIA","UNITED STATES"
"CONT_AWD_AID182O1200012_7200_-NONE-_-NONE-","AID182O1200012",3074.68,NA,2012-07-24,2012-09-30,"MISCELLANEOUS FOREIGN AWARDEES","55 "" LED TV WITH CAMERA, INTERNET, USB PORT","LN9PU5M2YZN5","MISCELLANEOUS FOREIGN AWARDEES","USA","LN9PU5M2YZN5","72000","AGENCY FOR INTERNATIONAL DEVELOPMENT","ALB",2012,"Contract","non-local","ALBANIA","UNITED STATES"
"CONT_AWD_AID182O1200011_7200_-NONE-_-NONE-","AID182O1200011",5341,NA,2012-07-19,2012-09-30,"MISCELLANEOUS FOREIGN AWARDEES","TONERS AND IMAGE KITS FOR COLOR COPIERS","LN9PU5M2YZN5","MISCELLANEOUS FOREIGN AWARDEES","USA","LN9PU5M2YZN5","72000","AGENCY FOR INTERNATIONAL DEVELOPMENT","ALB",2012,"Contract","non-local","ALBANIA","UNITED STATES"
"CONT_AWD_AID182O1100013_7200_-NONE-_-NONE-","AID182O1100013",8398,NA,2011-09-23,2011-09-30,"FOREIGN AWARDEES (UNDISCLOSED)","COLOR PRINTER/COPIER/SCANNER FOR USAID/ALBANIA OFFICE","NN2NGPDNCK23","FOREIGN AWARDEES (UNDISCLOSED)","USA","NN2NGPDNCK23","72000","AGENCY FOR INTERNATIONAL DEVELOPMENT","ALB",2011,"Contract","non-local","ALBANIA","UNITED STATES"
"CONT_AWD_AID182O001010006_7200_-NONE-_-NONE-","AID182O001010006",23002,NA,2010-01-13,2010-02-28,"DOMESTIC AWARDEES (UNDISCLOSED)","ALBANIAN RULE OF LAW PROGRAM ASSESSMENT AND DESIGN","KA5HQCLKUVW1","DOMESTIC AWARDEES (UNDISCLOSED)","USA","KA5HQCLKUVW1","72000","AGENCY FOR INTERNATIONAL DEVELOPMENT","ALB",2010,"Contract","non-local","ALBANIA","UNITED STATES"
"CONT_AWD_7200AA22S00030_7200_-NONE-_-NONE-","7200AA22S00030",132989,65441.14,2022-08-15,2027-08-31,"DOMESTIC AWARDEES (UNDISCLOSED)","TO HIRE USPSC/EXO CONTRACTOR FOR THE M/MS/OMD TIGER TEAM","KA5HQCLKUVW1","DOMESTIC AWARDEES (UNDISCLOSED)","USA","KA5HQCLKUVW1","7200AA","USAID M/OAA","ALB",2022,"Contract","non-local","ALBANIA","UNITED STATES"
"CONT_AWD_72018222P00005_7200_-NONE-_-NONE-","72018222P00005",38042,38042,2022-08-30,2022-12-27,"DOMESTIC AWARDEES (UNDISCLOSED)","SUPPORT SERVICES TO ASSIST WITH A PROGRAMING RAPID ASSESSMENT USAID/ALBANIA","KA5HQCLKUVW1","DOMESTIC AWARDEES (UNDISCLOSED)","USA","KA5HQCLKUVW1","720182","USAID/ALBANIA","ALB",2022,"Contract","non-local","ALBANIA","UNITED STATES"
"CONT_AWD_AIDGHSI050300029_7200_AIDGHSI000300029_7200","AIDGHSI050300029",5479721.24,NA,2006-09-30,2009-11-28,"UNIVERSITY RESEARCH CO LLC","IMPROVING PRIMARY HEALTH CARE","V6AUVN1WLN98","UNIVERSITY RESEARCH CO LLC","USA","V6AUVN1WLN98","720167","USAID/KOSOVO","ALB",2006,"Contract","non-local","ALBANIA","UNITED STATES"
"CONT_AWD_AID182TO1700002_7200_AID182I1700004_7200","AID182TO1700002",48228.85,NA,2017-01-17,2017-04-18,"KUBE STUDIOS SH.P.K.","IGF::OT::IGF  WOMEN AS AGENT OF CHANGE ACTIVITY IN ALBANIA","T5XVFHJVMX61","KUBE STUDIOS SH.P.K.","ALB","T5XVFHJVMX61","720167","USAID/KOSOVO","ALB",2017,"Contract","local","ALBANIA","ALBANIA"
"CONT_AWD_AID182TO1100002_7200_AIDDFDI000500198_7200","AID182TO1100002",193125.38,NA,2011-03-09,2011-07-07,"DEMOCRACY INTERNATIONAL, INC.","ELECTIONS AND POLITICAL PROCESS FOR ALBANIA LOCAL ELECTIONS IN 2011","MA89NCEMNBS3","DEMOCRACY INTERNATIONAL, INC.","USA","MA89NCEMNBS3","72000","AGENCY FOR INTERNATIONAL DEVELOPMENT","ALB",2011,"Contract","non-local","ALBANIA","UNITED STATES"
"CONT_AWD_AID182S001000007_7200_-NONE-_-NONE-","AID182S001000007",18394,NA,2010-01-19,2011-01-18,"FOREIGN AWARDEES (UNDISCLOSED)","HEALTH PROGRAM DEVELOPMENT SPECIALIST","NN2NGPDNCK23","FOREIGN AWARDEES (UNDISCLOSED)","USA","NN2NGPDNCK23","72000","AGENCY FOR INTERNATIONAL DEVELOPMENT","ALB",2010,"Contract","non-local","ALBANIA","UNITED STATES"
"CONT_AWD_AID182S001000006_7200_-NONE-_-NONE-","AID182S001000006",18573,NA,2009-12-12,2010-12-11,"FOREIGN AWARDEES (UNDISCLOSED)","MONITORING AND EVALUATION SPECIALIST","NN2NGPDNCK23","FOREIGN AWARDEES (UNDISCLOSED)","USA","NN2NGPDNCK23","72000","AGENCY FOR INTERNATIONAL DEVELOPMENT","ALB",2010,"Contract","non-local","ALBANIA","UNITED STATES"
"CONT_AWD_AID182S001000002_7200_-NONE-_-NONE-","AID182S001000002",21789,NA,2009-12-20,2010-12-19,"FOREIGN AWARDEES (UNDISCLOSED)","DEMOCRACY AND GOVERNANCE DEVELOPMENT SPECIALIST","NN2NGPDNCK23","FOREIGN AWARDEES (UNDISCLOSED)","USA","NN2NGPDNCK23","72000","AGENCY FOR INTERNATIONAL DEVELOPMENT","ALB",2010,"Contract","non-local","ALBANIA","UNITED STATES"
"CONT_AWD_AID182S000900012_7200_-NONE-_-NONE-","AID182S000900012",88608,NA,2009-06-25,2011-06-24,"MISCELLANEOUS FOREIGN AWARDEES","HEALTH TEAM LEADER SERVICES","LN9PU5M2YZN5","MISCELLANEOUS FOREIGN AWARDEES","USA","LN9PU5M2YZN5","72000","AGENCY FOR INTERNATIONAL DEVELOPMENT","ALB",2009,"Contract","non-local","ALBANIA","UNITED STATES"
"CONT_AWD_AID182S000900006_7200_-NONE-_-NONE-","AID182S000900006",48073,NA,2009-07-05,2010-11-08,"MISCELLANEOUS FOREIGN AWARDEES","SYSTEMS MANAGER SERVICES","LN9PU5M2YZN5","MISCELLANEOUS FOREIGN AWARDEES","USA","LN9PU5M2YZN5","72000","AGENCY FOR INTERNATIONAL DEVELOPMENT","ALB",2009,"Contract","non-local","ALBANIA","UNITED STATES"
"CONT_AWD_AID182S000900005_7200_-NONE-_-NONE-","AID182S000900005",53903,NA,2009-07-05,2010-11-11,"MISCELLANEOUS FOREIGN AWARDEES","DEPUTY PROGRAM OFFICER SERVICES","LN9PU5M2YZN5","MISCELLANEOUS FOREIGN AWARDEES","USA","LN9PU5M2YZN5","72000","AGENCY FOR INTERNATIONAL DEVELOPMENT","ALB",2009,"Contract","non-local","ALBANIA","UNITED STATES"
"CONT_AWD_AID182S000900004_7200_-NONE-_-NONE-","AID182S000900004",43853,NA,2009-07-05,2011-02-02,"MISCELLANEOUS FOREIGN AWARDEES","EXECUTIVE SECRETARY SERVICES","LN9PU5M2YZN5","MISCELLANEOUS FOREIGN AWARDEES","USA","LN9PU5M2YZN5","72000","AGENCY FOR INTERNATIONAL DEVELOPMENT","ALB",2009,"Contract","non-local","ALBANIA","UNITED STATES"
"CONT_AWD_AID182S000900003_7200_-NONE-_-NONE-","AID182S000900003",42031,NA,2009-06-01,2011-05-31,"MISCELLANEOUS FOREIGN AWARDEES","CHAUFFEUR SERVICES, PROGRAM-FUNDED","LN9PU5M2YZN5","MISCELLANEOUS FOREIGN AWARDEES","USA","LN9PU5M2YZN5","72000","AGENCY FOR INTERNATIONAL DEVELOPMENT","ALB",2009,"Contract","non-local","ALBANIA","UNITED STATES"
"CONT_AWD_AID182O1400001_7200_-NONE-_-NONE-","AID182O1400001",6160,NA,2014-04-15,2015-04-14,"FOREIGN AWARDEES (UNDISCLOSED)","IGF::CL::IGF - INTERNET SERVICES TO USAID OFFICE&REMOTE  SAFEHAVEN FOR PERIOD APRIL 15, 2014 - APRIL 14, 2015","NN2NGPDNCK23","FOREIGN AWARDEES (UNDISCLOSED)","USA","NN2NGPDNCK23","72000","AGENCY FOR INTERNATIONAL DEVELOPMENT","ALB",2014,"Contract","non-local","ALBANIA","UNITED STATES"
"CONT_AWD_AID182O1200005_7200_-NONE-_-NONE-","AID182O1200005",105514.06,NA,2012-03-08,2012-09-30,"WORLD LEARNING INC.","IGF::OT::IGF OTHER FUNCTIONS - PURCHASE ORDER FOR PARTICIPANT TRAINING AND OTHER TECHNICAL ADVISORY SERVICES","PCFKGNDRA2B4","WORLD LEARNING INC.","USA","LJUHZSS2B3N1","72000","AGENCY FOR INTERNATIONAL DEVELOPMENT","ALB",2012,"Contract","non-local","ALBANIA","UNITED STATES"
"CONT_AWD_AID182O1100002_7200_-NONE-_-NONE-","AID182O1100002",3426,NA,2011-03-30,2011-05-20,"FOREIGN AWARDEES (UNDISCLOSED)","BIODIVERSITY ASSESSMENT FOR ALBANIAN STRATEGY","NN2NGPDNCK23","FOREIGN AWARDEES (UNDISCLOSED)","USA","NN2NGPDNCK23","72000","AGENCY FOR INTERNATIONAL DEVELOPMENT","ALB",2011,"Contract","non-local","ALBANIA","UNITED STATES"
"CONT_AWD_AID182O001000003_7200_-NONE-_-NONE-","AID182O001000003",23045,NA,2010-01-14,2010-04-14,"BOWERS GERARD R","ASSESSMENT AND PROJECT DESING FOR USAID/HEALTH PROGRAM","FTK6RCVL1GC3","BOWERS GERARD R","USA","FTK6RCVL1GC3","72000","AGENCY FOR INTERNATIONAL DEVELOPMENT","ALB",2010,"Contract","non-local","ALBANIA","UNITED STATES"
"CONT_AWD_AID182O000900019_7200_-NONE-_-NONE-","AID182O000900019",33000,NA,2009-09-16,2010-09-15,"MISCELLANEOUS FOREIGN AWARDEES","VEHICLE (FORD EXPLORER) FOR MISSION'S MOTOR POOL","LN9PU5M2YZN5","MISCELLANEOUS FOREIGN AWARDEES","USA","LN9PU5M2YZN5","72000","AGENCY FOR INTERNATIONAL DEVELOPMENT","ALB",2009,"Contract","non-local","ALBANIA","UNITED STATES"
"CONT_AWD_AID182O000800023_7200_-NONE-_-NONE-","AID182O000800023",26839,NA,2008-09-24,2009-03-31,"FOREIGN AWARDEES (UNDISCLOSED)","FURNITURE SET FOR INCOMING DLI EMPLOYEE","NN2NGPDNCK23","FOREIGN AWARDEES (UNDISCLOSED)","USA","NN2NGPDNCK23","72000","AGENCY FOR INTERNATIONAL DEVELOPMENT","ALB",2008,"Contract","non-local","ALBANIA","UNITED STATES"
"CONT_AWD_72018219S00002_7200_-NONE-_-NONE-","72018219S00002",40924.44,40924.44,2019-08-05,2020-02-29,"DOMESTIC AWARDEES (UNDISCLOSED)","LOCAL HIRE U.S. PERSONAL SERVICES CONTRACT FOR DEVELOPMENT, OUTREACH, AND COMMUNICATION IN THE PROGRAM OFFICE OF USAID/ALBANIA.","KA5HQCLKUVW1","DOMESTIC AWARDEES (UNDISCLOSED)","USA","KA5HQCLKUVW1","720167","USAID/KOSOVO","ALB",2019,"Contract","non-local","ALBANIA","UNITED STATES"
"CONT_AWD_AID182S001000010_7200_-NONE-_-NONE-","AID182S001000010",23934,NA,2010-06-24,2011-06-23,"FOREIGN AWARDEES (UNDISCLOSED)","PROGRAM OFFICE ASSISTANT SERVICESTAS::72 0306::TAS","NN2NGPDNCK23","FOREIGN AWARDEES (UNDISCLOSED)","USA","NN2NGPDNCK23","72000","AGENCY FOR INTERNATIONAL DEVELOPMENT","ALB",2010,"Contract","non-local","ALBANIA","UNITED STATES"
"CONT_AWD_AID182S001000005_7200_-NONE-_-NONE-","AID182S001000005",23536,NA,2010-01-05,2011-01-04,"FOREIGN AWARDEES (UNDISCLOSED)","COMPUTER AND LAN ASSISTANT","NN2NGPDNCK23","FOREIGN AWARDEES (UNDISCLOSED)","USA","NN2NGPDNCK23","72000","AGENCY FOR INTERNATIONAL DEVELOPMENT","ALB",2010,"Contract","non-local","ALBANIA","UNITED STATES"
"CONT_AWD_AID182S001000001_7200_-NONE-_-NONE-","AID182S001000001",21609,NA,2009-12-12,2010-12-11,"FOREIGN AWARDEES (UNDISCLOSED)","MCC THRESHOLD PROGRAM MANAGER","NN2NGPDNCK23","FOREIGN AWARDEES (UNDISCLOSED)","USA","NN2NGPDNCK23","72000","AGENCY FOR INTERNATIONAL DEVELOPMENT","ALB",2010,"Contract","non-local","ALBANIA","UNITED STATES"
"CONT_AWD_AID182S000900009_7200_-NONE-_-NONE-","AID182S000900009",39212,NA,2009-07-05,2010-12-31,"MISCELLANEOUS FOREIGN AWARDEES","TRAVEL ASSISTANT AND TEAM SUPPORT SERVICES","LN9PU5M2YZN5","MISCELLANEOUS FOREIGN AWARDEES","USA","LN9PU5M2YZN5","72000","AGENCY FOR INTERNATIONAL DEVELOPMENT","ALB",2009,"Contract","non-local","ALBANIA","UNITED STATES"
"CONT_AWD_AID182S000900007_7200_-NONE-_-NONE-","AID182S000900007",27113,NA,2009-07-05,2010-10-06,"MISCELLANEOUS FOREIGN AWARDEES","CHAUFFEUR AND DISPATCHER SERVICES","LN9PU5M2YZN5","MISCELLANEOUS FOREIGN AWARDEES","USA","LN9PU5M2YZN5","72000","AGENCY FOR INTERNATIONAL DEVELOPMENT","ALB",2009,"Contract","non-local","ALBANIA","UNITED STATES"
"CONT_AWD_AID182S000400800_7200_-NONE-_-NONE-","AID182S000400800",45305,NA,2007-07-11,2009-06-27,"MISCELLANEOUS FOREIGN AWARDEES","SERVE AS OFFICE SECRETARY FOR THE PROGRAM OFFICE","LN9PU5M2YZN5","MISCELLANEOUS FOREIGN AWARDEES","USA","LN9PU5M2YZN5","72000","AGENCY FOR INTERNATIONAL DEVELOPMENT","ALB",2007,"Contract","non-local","ALBANIA","UNITED STATES"
"CONT_AWD_AID182O1500001_7200_-NONE-_-NONE-","AID182O1500001",3596.5,NA,2015-03-25,2015-04-25,"MISCELLANEOUS FOREIGN AWARDEES","SUPPLIES FOR PRINTERS","LN9PU5M2YZN5","MISCELLANEOUS FOREIGN AWARDEES","USA","LN9PU5M2YZN5","72000","AGENCY FOR INTERNATIONAL DEVELOPMENT","ALB",2015,"Contract","non-local","ALBANIA","UNITED STATES"
"CONT_AWD_AID182O1300001_7200_-NONE-_-NONE-","AID182O1300001",13602,NA,2013-04-10,2013-09-30,"MISCELLANEOUS FOREIGN AWARDEES","COMPUTERS AND MONITORS UPGRADES","LN9PU5M2YZN5","MISCELLANEOUS FOREIGN AWARDEES","USA","LN9PU5M2YZN5","72000","AGENCY FOR INTERNATIONAL DEVELOPMENT","ALB",2013,"Contract","non-local","ALBANIA","UNITED STATES"
"CONT_AWD_AID182O1200002_7200_-NONE-_-NONE-","AID182O1200002",21047.83,NA,2011-11-09,2012-01-17,"DOMESTIC AWARDEES (UNDISCLOSED)","MID-TERM EVALUATION OF CED","KA5HQCLKUVW1","DOMESTIC AWARDEES (UNDISCLOSED)","USA","KA5HQCLKUVW1","72000","AGENCY FOR INTERNATIONAL DEVELOPMENT","ALB",2012,"Contract","non-local","ALBANIA","UNITED STATES"
"CONT_AWD_AID182O001000009_7200_-NONE-_-NONE-","AID182O001000009",26189.16,NA,2010-01-12,2010-02-28,"DOMESTIC AWARDEES (UNDISCLOSED)","ALBANIA HEALTH PROGRAM ASSESSMENT AND DESIGN","KA5HQCLKUVW1","DOMESTIC AWARDEES (UNDISCLOSED)","USA","KA5HQCLKUVW1","72000","AGENCY FOR INTERNATIONAL DEVELOPMENT","ALB",2010,"Contract","non-local","ALBANIA","UNITED STATES"
"CONT_AWD_AID182O000900022_7200_-NONE-_-NONE-","AID182O000900022",21923.69,NA,2009-09-25,2010-09-24,"MISCELLANEOUS FOREIGN AWARDEES","UPGRADE OF CISCO ROUTER AND ACCESSORIES","LN9PU5M2YZN5","MISCELLANEOUS FOREIGN AWARDEES","USA","LN9PU5M2YZN5","72000","AGENCY FOR INTERNATIONAL DEVELOPMENT","ALB",2009,"Contract","non-local","ALBANIA","UNITED STATES"
"CONT_AWD_AID182O000800016_7200_-NONE-_-NONE-","AID182O000800016",11700,NA,2008-08-04,2009-09-30,"MISCELLANEOUS FOREIGN AWARDEES","LANGUAGE LESSONS FOR USDH","LN9PU5M2YZN5","MISCELLANEOUS FOREIGN AWARDEES","USA","LN9PU5M2YZN5","72000","AGENCY FOR INTERNATIONAL DEVELOPMENT","ALB",2008,"Contract","non-local","ALBANIA","UNITED STATES"
"CONT_AWD_AID182C1600001_7200_-NONE-_-NONE-","AID182C1600001",36613.95,NA,2016-05-24,2016-08-23,"HOLTJANA BELLO P.F.","IGF::OT::IGF THE EVALUATION WILL BE FOCUSED PRIMARILY ON PROCESSES AS OPPOSED TO RESULTS IN AN EFFORT TO IMPROVE THE MODALITIES AND PRACTICES USAID/ALBANIA HAS FOR WORKING WITH LOCAL PARTNERS.","L44JG9LFLYP3","HOLTJANA BELLO P.F.","ALB","L44JG9LFLYP3","720167","USAID/KOSOVO","ALB",2016,"Contract","local","ALBANIA","ALBANIA"
"CONT_AWD_AID182C000900002_7200_-NONE-_-NONE-","AID182C000900002",10069668.17,7076.57,2009-03-18,2014-03-17,"CHEMONICS INTERNATIONAL, INC.","TECHNICAL ASSISTANCE FOR COMPETITIVE ENTERPRISE DEVELOPMENT ACTIVITY IN ALBANIA.","DSUSFJFR9A33","CHEMONICS INTERNATIONAL, INC.","USA","DSUSFJFR9A33","720182","USAID/ALBANIA","ALB",2009,"Contract","non-local","ALBANIA","UNITED STATES"
"CONT_AWD_72MC1018PC00197_7200_-NONE-_-NONE-","72MC1018PC00197",10512.96,0,2018-08-16,2018-09-02,"APPLE INC","IPHONE 8","HJAKCN4NEU95","APPLE INC","USA","HJAKCN4NEU95","72MC10","USAID M/CIO","ALB",2018,"Contract","non-local","ALBANIA","UNITED STATES"
"CONT_AWD_AIDDFDI050500121_7200_AIDDFDI000500121_7200","AIDDFDI050500121",7261060.48,NA,2007-09-27,2011-06-30,"ARD, INC.","IMPROVE LOCAL GOVERNANCE WHILE PROMOTING LOCAL DEVELOPMENT IN ALBANIA. IT WILL SUPPORT 10 MUNICIPALITIES BY STIMULATING PRIVATE SECTOR GROWTH THROUGH PLANNING, BORROWING AND PUBLIC-PRIVATE PARTNERSHIPS, AND BY IMPROVING CITY GOVERNANCE THROUGH EFFECTIVE PUBLIC ASSET MANAGEMENT, REVENUE COLLECTION AND SERVICE DELIVERY.","VHLHREH8Y7R4","TETRA TECH, INC.","USA","LMRMKLLL3LG5","720182","USAID/ALBANIA","ALB",2007,"Contract","non-local","ALBANIA","UNITED STATES"
"CONT_AWD_AIDDFDI010500198_7200_AIDDFDI000500198_7200","AIDDFDI010500198",161514.36,NA,2009-03-23,2011-09-30,"DEMOCRACY INTERNATIONAL, INC.","THE PURPOSE OF THIS TASK ORDER IS TO PROVIDE TECHNICAL ASSISTANCE IN SUPPORT OF THE 2009 ALBANIAN ELECTIONS.","MA89NCEMNBS3","DEMOCRACY INTERNATIONAL, INC.","USA","MA89NCEMNBS3","720167","USAID/KOSOVO","ALB",2009,"Contract","non-local","ALBANIA","UNITED STATES"
"CONT_AWD_AID182V1700004_7200_-NONE-_-NONE-","AID182V1700004",866.89,0,2017-04-24,2017-09-06,"MISCELLANEOUS FOREIGN AWARDEES","B-REDI MEETING, MAY 9-10, 2017 AT SHERATON HOTEL IGF::OT::IGF","LN9PU5M2YZN5","MISCELLANEOUS FOREIGN AWARDEES","USA","LN9PU5M2YZN5","720182","USAID/ALBANIA","ALB",2017,"Contract","non-local","ALBANIA","UNITED STATES"
"CONT_AWD_AID182TO1600001_7200_AIDOAAI1300035_7200","AID182TO1600001",10596573,3714242.94,2016-03-08,2021-03-31,"EAST-WEST MANAGEMENT INSTITUTE, INC.","IGF::OT::IGF","LZ4PMD8AJ2J7","EAST-WEST MANAGEMENT INSTITUTE, INC.","USA","LZ4PMD8AJ2J7","720167","USAID/KOSOVO","ALB",2016,"Contract","non-local","ALBANIA","UNITED STATES"
"CONT_AWD_AID182TO1400004_7200_AIDOAAI1300030_7200","AID182TO1400004",83077.41,NA,2014-08-21,2015-01-20,"DEMOCRACY INTERNATIONAL, INC.","IGF::OT::IGF TASK ORDER UNDER THE WORLWIDE RULE OF LAW IQC FOR A RULE OF LAW ASSESSMENT IN ALBANIA","MA89NCEMNBS3","DEMOCRACY INTERNATIONAL, INC.","USA","MA89NCEMNBS3","72000","AGENCY FOR INTERNATIONAL DEVELOPMENT","ALB",2014,"Contract","non-local","ALBANIA","UNITED STATES"
"CONT_AWD_AID182S009500035_7200_-NONE-_-NONE-","AID182S009500035",13200,NA,2008-09-28,2008-12-31,"FOREIGN AWARDEES (UNDISCLOSED)","AGRICULTURAL SPECIALIST SERVICES","NN2NGPDNCK23","FOREIGN AWARDEES (UNDISCLOSED)","USA","NN2NGPDNCK23","72000","AGENCY FOR INTERNATIONAL DEVELOPMENT","ALB",2008,"Contract","non-local","ALBANIA","UNITED STATES"
"CONT_AWD_AID182S000900008_7200_-NONE-_-NONE-","AID182S000900008",28509,NA,2009-07-05,2010-10-16,"MISCELLANEOUS FOREIGN AWARDEES","HUMAN RESOURCES ASSISTANT SERVICES","LN9PU5M2YZN5","MISCELLANEOUS FOREIGN AWARDEES","USA","LN9PU5M2YZN5","72000","AGENCY FOR INTERNATIONAL DEVELOPMENT","ALB",2009,"Contract","non-local","ALBANIA","UNITED STATES"
"CONT_AWD_AID182S000600200_7200_-NONE-_-NONE-","AID182S000600200",78622,NA,2008-07-10,2009-07-09,"MISCELLANEOUS FOREIGN AWARDEES","ANTI-TRAFFICKING ADVISOR SERVICES","LN9PU5M2YZN5","MISCELLANEOUS FOREIGN AWARDEES","USA","LN9PU5M2YZN5","72000","AGENCY FOR INTERNATIONAL DEVELOPMENT","ALB",2008,"Contract","non-local","ALBANIA","UNITED STATES"
"CONT_AWD_AID182S000500500_7200_-NONE-_-NONE-","AID182S000500500",259864,NA,2005-02-07,2010-02-06,"MISCELLANEOUS FOREIGN AWARDEES","DEVELOPMENT OUTREACH COMMUNICATIONS OFFICER","LN9PU5M2YZN5","MISCELLANEOUS FOREIGN AWARDEES","USA","LN9PU5M2YZN5","72000","AGENCY FOR INTERNATIONAL DEVELOPMENT","ALB",2005,"Contract","non-local","ALBANIA","UNITED STATES"
"CONT_AWD_AID182S000300800_7200_-NONE-_-NONE-","AID182S000300800",74653,NA,2005-06-01,2009-05-31,"MISCELLANEOUS FOREIGN AWARDEES","FOREIGN ASSISTANCE PROGRAM","LN9PU5M2YZN5","MISCELLANEOUS FOREIGN AWARDEES","USA","LN9PU5M2YZN5","72000","AGENCY FOR INTERNATIONAL DEVELOPMENT","ALB",2005,"Contract","non-local","ALBANIA","UNITED STATES"
"CONT_AWD_AID182S000000002_7200_-NONE-_-NONE-","AID182S000000002",114301,NA,2004-12-19,2009-12-18,"MISCELLANEOUS FOREIGN AWARDEES","FOREIGN ASSISTANCE PROGRAM","LN9PU5M2YZN5","MISCELLANEOUS FOREIGN AWARDEES","USA","LN9PU5M2YZN5","72000","AGENCY FOR INTERNATIONAL DEVELOPMENT","ALB",2005,"Contract","non-local","ALBANIA","UNITED STATES"
"CONT_AWD_AID182O1700004_7200_-NONE-_-NONE-","AID182O1700004",24216,NA,2017-05-31,2017-08-31,"IVOTE D.O.O.","IGF::OT::IGF - ENHANCEMENTS TO THE MODULE OF POLITICAL PARTY FINANCING OF THE CEC","HEKEN8B46J26","IVOTE D.O.O.","MKD","HEKEN8B46J26","720182","USAID/ALBANIA","ALB",2017,"Contract","non-local","ALBANIA","NORTH MACEDONIA"
"CONT_AWD_AID182O1300005_7200_-NONE-_-NONE-","AID182O1300005",13968.05,NA,2013-08-29,2013-09-30,"COWEY, COLETTE","IGF::CL::IGF - PMP CONSULTANCY SERVICES","KFB4XHZCMAA7","COWEY, COLETTE","USA","KFB4XHZCMAA7","72000","AGENCY FOR INTERNATIONAL DEVELOPMENT","ALB",2013,"Contract","non-local","ALBANIA","UNITED STATES"
"CONT_AWD_AID182O1200001_7200_-NONE-_-NONE-","AID182O1200001",3600,NA,2011-11-09,2011-12-31,"FOREIGN AWARDEES (UNDISCLOSED)","PO FOR DONOR TECHNICAL SECRETARIAT RESPONSIBILITIES","NN2NGPDNCK23","FOREIGN AWARDEES (UNDISCLOSED)","USA","NN2NGPDNCK23","72000","AGENCY FOR INTERNATIONAL DEVELOPMENT","ALB",2012,"Contract","non-local","ALBANIA","UNITED STATES"
"CONT_AWD_AID182O1100001_7200_-NONE-_-NONE-","AID182O1100001",50000,NA,2011-03-21,2011-05-20,"FOSTER-TURLEY, PAT","BIODIVERSITY ASSESSMENT FOR ALBANIAN STRATEGY","E3BFZDG8HHJ7","FOSTER-TURLEY, PAT","USA","E3BFZDG8HHJ7","72000","AGENCY FOR INTERNATIONAL DEVELOPMENT","ALB",2011,"Contract","non-local","ALBANIA","UNITED STATES"
"CONT_AWD_AID182O001000016_7200_-NONE-_-NONE-","AID182O001000016",7316,NA,2010-04-15,2011-04-14,"FOREIGN AWARDEES (UNDISCLOSED)","INTERNET ACCESS TO USAID OFFICE AND ALTERNATE LOCATION AT RILINDJA RIDGETAS::72 1000::TAS","NN2NGPDNCK23","FOREIGN AWARDEES (UNDISCLOSED)","USA","NN2NGPDNCK23","72000","AGENCY FOR INTERNATIONAL DEVELOPMENT","ALB",2010,"Contract","non-local","ALBANIA","UNITED STATES"
"CONT_AWD_AID182O001000007_7200_-NONE-_-NONE-","AID182O001000007",6515,NA,2010-01-08,2010-02-28,"FOREIGN AWARDEES (UNDISCLOSED)","ALBANIA RULE OF LAW PROGRAM ASSESSMENT AND DESIGN","NN2NGPDNCK23","FOREIGN AWARDEES (UNDISCLOSED)","USA","NN2NGPDNCK23","72000","AGENCY FOR INTERNATIONAL DEVELOPMENT","ALB",2010,"Contract","non-local","ALBANIA","UNITED STATES"
"CONT_AWD_AID182O000900018_7200_-NONE-_-NONE-","AID182O000900018",3507,NA,2009-09-10,2010-09-09,"MISCELLANEOUS FOREIGN AWARDEES","HOUSEHOLD APPLIANCES APPL","LN9PU5M2YZN5","MISCELLANEOUS FOREIGN AWARDEES","USA","LN9PU5M2YZN5","72000","AGENCY FOR INTERNATIONAL DEVELOPMENT","ALB",2009,"Contract","non-local","ALBANIA","UNITED STATES"
"CONT_AWD_AID182O000800005_7200_-NONE-_-NONE-","AID182O000800005",55500,NA,2008-02-29,2008-08-22,"MISCELLANEOUS FOREIGN AWARDEES","AUDIT OF E-GOVERNMENT SYSTEM PRODUCED BY CHEMONICS/ALFA-XP UNDER THE MILLENNIUM CHALLENGE ACCOUNT","LN9PU5M2YZN5","MISCELLANEOUS FOREIGN AWARDEES","USA","LN9PU5M2YZN5","72000","AGENCY FOR INTERNATIONAL DEVELOPMENT","ALB",2008,"Contract","non-local","ALBANIA","UNITED STATES"
"CONT_AWD_AID182C000300109_7200_-NONE-_-NONE-","AID182C000300109",3465987,NA,2006-07-31,2009-09-30,"CREATIVE ASSOCIATES INTERNATIONAL INC","FOREIGN ASSISTANCE PROGRAM","DBG1D86ZUQH4","CREATIVE ASSOCIATES INTERNATIONAL INC","USA","DBG1D86ZUQH4","72000","AGENCY FOR INTERNATIONAL DEVELOPMENT","ALB",2006,"Contract","non-local","ALBANIA","UNITED STATES"
